ID.x;latitude;longitude;study;site;SiteBlock;replicate;treatment.direction;treatment.level;grouping.x;treat.duration.y;duration_rescale;size.local;size.gamma;N.replicates;delta.T;delta.T1_rescale;T_warm_chelsa;T_warm_rescale;LRR_S;LRR_SPie;LRR_betaSn;LRR_betaSPie;beta.sim;beta.sne;beta.bray.bal;beta.bray.gra
Gugerli_1997.csv;46.47;9.58;ITEX_6;VALBERCLA_ALPINE;VALBERCLA_ALPINE - A;1;T;1;"1996_Gugerli_1997;VALBERCLA_ALPINE;T;T;1;1996;2";2;-0.545692894;0.8;7.2;9;0.93;-0.432139641;5.85;-0.287093945;0.162518929;-0.377228401;0.170102211;0.200139281;0.176470588;0.066772655;0.361166441;1.92E-09
Gugerli_1997.csv;46.47;9.58;ITEX_6;VALBERCLA_ALPINE;VALBERCLA_ALPINE - A;2;T;1;"1996_Gugerli_1997;VALBERCLA_ALPINE;T;T;1;1996;2";2;-0.545692894;0.8;7.2;9;0.93;-0.432139641;5.85;-0.287093945;0;1.249368965;0.332621141;-1.426458085;0.133333333;0;0.495501576;5.04E-10
Gugerli_1997.csv;46.47;9.58;ITEX_6;VALBERCLA_ALPINE;VALBERCLA_ALPINE - A;3;T;1;"1996_Gugerli_1997;VALBERCLA_ALPINE;T;T;1;1996;2";2;-0.545692894;0.8;7.2;9;0.93;-0.432139641;5.85;-0.287093945;0.405465108;-0.567328357;-0.072843967;0.390239237;0.125;0.175;0.431230742;2.84E-10
Gugerli_1997.csv;46.47;9.58;ITEX_6;VALBERCLA_ALPINE;VALBERCLA_ALPINE - A;4;T;1;"1996_Gugerli_1997;VALBERCLA_ALPINE;T;T;1;1996;2";2;-0.545692894;0.8;7.2;9;0.93;-0.432139641;5.85;-0.287093945;0.182321557;-0.619159183;0.150299584;0.442070063;0.133333333;0.078787879;0.691202014;1.24E-09
Gugerli_1997.csv;46.47;9.58;ITEX_6;VALBERCLA_ALPINE;VALBERCLA_ALPINE - A;5;T;1;"1996_Gugerli_1997;VALBERCLA_ALPINE;T;T;1;1996;2";2;-0.545692894;0.8;7.2;9;0.93;-0.432139641;5.85;-0.287093945;0.271933715;-1.094570858;0.060687425;0.917481738;0.1875;0.109797297;0.630925207;3.69E-10
Gugerli_1997.csv;46.47;9.58;ITEX_6;VALBERCLA_ALPINE;VALBERCLA_ALPINE - A;6;T;1;"1996_Gugerli_1997;VALBERCLA_ALPINE;T;T;1;1996;2";2;-0.545692894;0.8;7.2;9;0.93;-0.432139641;5.85;-0.287093945;0.405465108;-0.646064887;-0.072843967;0.468975768;0.083333333;0.183333333;0.361640112;1.60E-09
Gugerli_1997.csv;46.47;9.58;ITEX_6;VALBERCLA_ALPINE;VALBERCLA_ALPINE - A;7;T;1;"1996_Gugerli_1997;VALBERCLA_ALPINE;T;T;1;1996;2";2;-0.545692894;0.8;7.2;9;0.93;-0.432139641;5.85;-0.287093945;0.057158414;-1.468757732;0.275462727;1.291668612;0.058823529;0.026890756;0.625119635;1.87E-10
Gugerli_1997.csv;46.47;9.58;ITEX_6;VALBERCLA_ALPINE;VALBERCLA_ALPINE - A;8;T;1;"1996_Gugerli_1997;VALBERCLA_ALPINE;T;T;1;1996;2";2;-0.545692894;0.8;7.2;9;0.93;-0.432139641;5.85;-0.287093945;-0.15415068;1.671667182;0.486771821;-1.848756302;0.166666667;0.064102564;0.815258953;9.24E-11
Gugerli_1997.csv;46.47;9.58;ITEX_6;VALBERCLA_ALPINE;VALBERCLA_ALPINE - A;9;T;1;"1996_Gugerli_1997;VALBERCLA_ALPINE;T;T;1;1996;2";2;-0.545692894;0.8;7.2;9;0.93;-0.432139641;5.85;-0.287093945;0.302280872;-1.271292911;0.030340269;1.094203792;0.176470588;0.123529412;0.822734884;3.55E-10
Henry_unpubl.csv;79.164;-75.255;ITEX_11;ALEXFIORD_WILLOW;ALEXFIORD_WILLOW - A;1;T;1;"1996_Henry_unpubl;ALEXFIORD_WILLOW;T;T;1;1996;2";3;-0.485410828;1;10;10;1.3;-0.288300279;1.95;-0.680722188;0.318453731;-0.001452436;-0.103608983;-0.101479416;0.375;0.098684211;0.367647059;6.32E-10
Henry_unpubl.csv;79.164;-75.255;ITEX_11;ALEXFIORD_WILLOW;ALEXFIORD_WILLOW - A;10;T;1;"1996_Henry_unpubl;ALEXFIORD_WILLOW;T;T;1;1996;2";3;-0.485410828;1;10;10;1.3;-0.288300279;1.95;-0.680722188;0.223143551;0.884746529;-0.008298803;-0.987678382;0.125;0.097222222;0.445327603;5.55E-10
Henry_unpubl.csv;79.164;-75.255;ITEX_11;ALEXFIORD_WILLOW;ALEXFIORD_WILLOW - A;2;T;1;"1996_Henry_unpubl;ALEXFIORD_WILLOW;T;T;1;1996;2";3;-0.485410828;1;10;10;1.3;-0.288300279;1.95;-0.680722188;0.356674944;-0.546233122;-0.141830195;0.44330127;0.428571429;0.100840336;0.837581699;0
Henry_unpubl.csv;79.164;-75.255;ITEX_11;ALEXFIORD_WILLOW;ALEXFIORD_WILLOW - A;3;T;1;"1996_Henry_unpubl;ALEXFIORD_WILLOW;T;T;1;1996;2";3;-0.485410828;1;10;10;1.3;-0.288300279;1.95;-0.680722188;0.693147181;0.251379051;-0.478302432;-0.354310903;0.333333333;0.222222222;0.66767715;0
Henry_unpubl.csv;79.164;-75.255;ITEX_11;ALEXFIORD_WILLOW;ALEXFIORD_WILLOW - A;4;T;1;"1996_Henry_unpubl;ALEXFIORD_WILLOW;T;T;1;1996;2";3;-0.485410828;1;10;10;1.3;-0.288300279;1.95;-0.680722188;-0.117783036;-0.484783328;0.332627784;0.381851476;0.5;0.029411765;0.430313588;2.85E-10
Henry_unpubl.csv;79.164;-75.255;ITEX_11;ALEXFIORD_WILLOW;ALEXFIORD_WILLOW - A;5;T;1;"1996_Henry_unpubl;ALEXFIORD_WILLOW;T;T;1;1996;2";3;-0.485410828;1;10;10;1.3;-0.288300279;1.95;-0.680722188;0.251314428;-0.415416218;-0.03646968;0.312484366;0.142857143;0.107142857;0.494652406;2.53E-10
Henry_unpubl.csv;79.164;-75.255;ITEX_11;ALEXFIORD_WILLOW;ALEXFIORD_WILLOW - A;6;T;1;"1996_Henry_unpubl;ALEXFIORD_WILLOW;T;T;1;1996;2";3;-0.485410828;1;10;10;1.3;-0.288300279;1.95;-0.680722188;0.510825624;0.1539789;-0.295980875;-0.256910753;0;0.25;0.634897361;4.05E-17
Henry_unpubl.csv;79.164;-75.255;ITEX_11;ALEXFIORD_WILLOW;ALEXFIORD_WILLOW - A;7;T;1;"1996_Henry_unpubl;ALEXFIORD_WILLOW;T;T;1;1996;2";3;-0.485410828;1;10;10;1.3;-0.288300279;1.95;-0.680722188;0.356674944;0.842962966;-0.141830195;-0.945894818;0.142857143;0.151260504;0.381520119;3.09E-10
Henry_unpubl.csv;79.164;-75.255;ITEX_11;ALEXFIORD_WILLOW;ALEXFIORD_WILLOW - A;8;T;1;"1996_Henry_unpubl;ALEXFIORD_WILLOW;T;T;1;1996;2";3;-0.485410828;1;10;10;1.3;-0.288300279;1.95;-0.680722188;0.405465108;0.559526408;-0.19062036;-0.66245826;0.166666667;0.166666667;0.229700854;3.85E-10
Henry_unpubl.csv;79.164;-75.255;ITEX_11;ALEXFIORD_WILLOW;ALEXFIORD_WILLOW - A;9;T;1;"1996_Henry_unpubl;ALEXFIORD_WILLOW;T;T;1;1996;2";3;-0.485410828;1;10;10;1.3;-0.288300279;1.95;-0.680722188;0.133531393;-0.125361154;0.081313356;0.022429302;0.428571429;0.038095238;0.36778846;3.16E-10
Chapin_1995.csv;68.62;-149.61;Arctic_LTER;MAT;MAT - A;1;T;1;"1999_Chapin_1995;MAT;T;T;1;1999;2";10;-0.063436361;0.16;1.28;8;5;1.150093336;8.65;-0.004489052;-0.223143551;-0.455953675;0.098580829;0.406869724;0;0.111111111;0.384159049;6.16E-10
Chapin_1995.csv;68.62;-149.61;Arctic_LTER;MAT;MAT - A;2;T;1;"1999_Chapin_1995;MAT;T;T;1;1999;2";10;-0.063436361;0.16;1.28;8;5;1.150093336;8.65;-0.004489052;-0.318453731;-0.391319626;0.193891008;0.342235675;0;0.157894737;0.253012048;7.47E-10
Chapin_1995.csv;68.62;-149.61;Arctic_LTER;MAT;MAT - A;3;T;1;"1999_Chapin_1995;MAT;T;T;1;1999;2";10;-0.063436361;0.16;1.28;8;5;1.150093336;8.65;-0.004489052;-0.105360516;-0.025383408;-0.019202207;-0.023700542;0;0.052631579;0.259768572;7.40E-10
Chapin_1995.csv;68.62;-149.61;Arctic_LTER;MAT;MAT - A;4;T;1;"1999_Chapin_1995;MAT;T;T;1;1999;2";10;-0.063436361;0.16;1.28;8;5;1.150093336;8.65;-0.004489052;-0.200670695;0.033086008;0.076107973;-0.082169959;0;0.1;0.205100576;0
Chapin_1995.csv;68.62;-149.61;Arctic_LTER;MAT;MAT - A;5;T;1;"1999_Chapin_1995;MAT;T;T;1;1999;2";10;-0.063436361;0.16;1.28;8;5;1.150093336;8.65;-0.004489052;-0.510825624;-0.567467095;0.386262901;0.518383144;0;0.25;0.26854067;3.66E-10
Chapin_1995.csv;68.62;-149.61;Arctic_LTER;MAT;MAT - A;6;T;1;"1999_Chapin_1995;MAT;T;T;1;1999;2";10;-0.063436361;0.16;1.28;8;5;1.150093336;8.65;-0.004489052;-0.117783036;-0.037135412;-0.006779687;-0.011948538;0;0.058823529;0.359795321;3.20E-10
Chapin_1995.csv;68.62;-149.61;Arctic_LTER;MAT;MAT - B;1;T;1;"1999_Chapin_1995;MAT;T;T;1;1999;2";10;-0.063436361;0.16;1.28;8;5;1.150093336;8.65;-0.004489052;-0.485507816;-0.640634946;0.360945093;0.591550996;0;0.238095238;0.393844314;1.21E-09
Chapin_1995.csv;68.62;-149.61;Arctic_LTER;MAT;MAT - B;2;T;1;"1999_Chapin_1995;MAT;T;T;1;1999;2";10;-0.063436361;0.16;1.28;8;5;1.150093336;8.65;-0.004489052;-0.105360516;0.113530196;-0.019202207;-0.162614147;0;0.052631579;0.304183536;0
Chapin_1995.csv;68.62;-149.61;Arctic_LTER;MAT;MAT - B;3;T;1;"1999_Chapin_1995;MAT;T;T;1;1999;2";10;-0.063436361;0.16;1.28;8;5;1.150093336;8.65;-0.004489052;0;0.094842839;-0.124562723;-0.14392679;0.125;0;0.151716501;0
Chapin_1995.csv;68.62;-149.61;Arctic_LTER;MAT;MAT - B;4;T;1;"1999_Chapin_1995;MAT;T;T;1;1999;2";10;-0.063436361;0.16;1.28;8;5;1.150093336;8.65;-0.004489052;-0.105360516;-0.093493798;-0.019202207;0.044409847;0;0.052631579;0.363556339;3.18E-10
Chapin_1995.csv;68.62;-149.61;Arctic_LTER;MAT;MAT - B;5;T;1;"1999_Chapin_1995;MAT;T;T;1;1999;2";10;-0.063436361;0.16;1.28;8;5;1.150093336;8.65;-0.004489052;-0.287682072;-0.03159077;0.16311935;-0.017493181;0;0.142857143;0.145823155;8.54E-10
Chapin_1995.csv;68.62;-149.61;Arctic_LTER;MAT;MAT - B;6;T;1;"1999_Chapin_1995;MAT;T;T;1;1999;2";10;-0.063436361;0.16;1.28;8;5;1.150093336;8.65;-0.004489052;0.105360516;-0.378475711;-0.229923238;0.32939176;0.111111111;0.046783626;0.206043955;7.94E-10
Chapin_1995.csv;68.62;-149.61;Arctic_LTER;MAT;MAT - B;7;T;1;"1999_Chapin_1995;MAT;T;T;1;1999;2";10;-0.063436361;0.16;1.28;8;5;1.150093336;8.65;-0.004489052;0;-0.221211644;-0.124562723;0.172127693;0.222222222;0;0.215425531;7.85E-10
Chapin_1995.csv;68.62;-149.61;Arctic_LTER;MAT;MAT - B;8;T;1;"1999_Chapin_1995;MAT;T;T;1;1999;2";10;-0.063436361;0.16;1.28;8;5;1.150093336;8.65;-0.004489052;-0.09531018;-0.136170717;-0.029252543;0.087086766;0;0.047619048;0.254201681;7.46E-10
Chapin_1995.csv;68.62;-149.61;Arctic_LTER;MAT;MAT - C;1;T;1;"1999_Chapin_1995;MAT;T;T;1;1999;2";10;-0.063436361;0.16;1.28;8;5;1.150093336;8.65;-0.004489052;-0.356674944;-0.841586155;0.232112221;0.792502204;0;0.176470588;0.569286688;4.31E-10
Chapin_1995.csv;68.62;-149.61;Arctic_LTER;MAT;MAT - C;2;T;1;"1999_Chapin_1995;MAT;T;T;1;1999;2";10;-0.063436361;0.16;1.28;8;5;1.150093336;8.65;-0.004489052;-0.133531393;-0.163013334;0.00896867;0.113929383;0;0.066666667;0.687426901;3.13E-10
Chapin_1995.csv;68.62;-149.61;Arctic_LTER;MAT;MAT - C;3;T;1;"1999_Chapin_1995;MAT;T;T;1;1999;2";10;-0.063436361;0.16;1.28;8;5;1.150093336;8.65;-0.004489052;-0.451985124;-0.178754114;0.327422401;0.129670163;0;0.222222222;0.327898551;3.36E-10
Chapin_1995.csv;68.62;-149.61;Arctic_LTER;MAT;MAT - C;4;T;1;"1999_Chapin_1995;MAT;T;T;1;1999;2";10;-0.063436361;0.16;1.28;8;5;1.150093336;8.65;-0.004489052;-0.251314428;-0.055115344;0.126751706;0.006031394;0;0.125;0.571194029;2.14E-10
Chapin_1995.csv;68.62;-149.61;Arctic_LTER;MAT;MAT - C;5;T;1;"1999_Chapin_1995;MAT;T;T;1;1999;2";10;-0.063436361;0.16;1.28;8;5;1.150093336;8.65;-0.004489052;0.133531393;-0.393987774;-0.258094115;0.344903823;0.142857143;0.057142857;0.418866079;5.81E-10
Chapin_1995.csv;68.62;-149.61;Arctic_LTER;MAT;MAT - C;6;T;1;"1999_Chapin_1995;MAT;T;T;1;1999;2";10;-0.063436361;0.16;1.28;8;5;1.150093336;8.65;-0.004489052;0;-0.153525008;-0.124562723;0.104441057;0;0;0.488053467;0
Chapin_1995.csv;68.62;-149.61;Arctic_LTER;MAT;MAT - D;1;T;1;"1999_Chapin_1995;MAT;T;T;1;1999;2";10;-0.063436361;0.16;1.28;8;5;1.150093336;8.65;-0.004489052;0;0.236460517;-0.124562723;-0.285544468;0.1;0;0.364197532;3.18E-10
Chapin_1995.csv;68.62;-149.61;Arctic_LTER;MAT;MAT - D;2;T;1;"1999_Chapin_1995;MAT;T;T;1;1999;2";10;-0.063436361;0.16;1.28;8;5;1.150093336;8.65;-0.004489052;-0.105360516;0.001562288;-0.019202207;-0.050646239;0.111111111;0.046783626;0.255695525;8.26E-17
Chapin_1995.csv;68.62;-149.61;Arctic_LTER;MAT;MAT - D;3;T;1;"1999_Chapin_1995;MAT;T;T;1;1999;2";10;-0.063436361;0.16;1.28;8;5;1.150093336;8.65;-0.004489052;-0.318453731;-0.185759163;0.193891008;0.136675213;0;0.157894737;0.357404692;6.43E-10
Chapin_1995.csv;68.62;-149.61;Arctic_LTER;MAT;MAT - D;4;T;1;"1999_Chapin_1995;MAT;T;T;1;1999;2";10;-0.063436361;0.16;1.28;8;5;1.150093336;8.65;-0.004489052;-0.182321557;-0.278364184;0.057758834;0.229280233;0;0.090909091;0.279681762;3.60E-10
Chapin_1995.csv;68.62;-149.61;Arctic_LTER;MAT;MAT - D;5;T;1;"1999_Chapin_1995;MAT;T;T;1;1999;2";10;-0.063436361;0.16;1.28;8;5;1.150093336;8.65;-0.004489052;0;-0.183432009;-0.124562723;0.134348058;0.222222222;0;0.346719046;0
Chapin_1995.csv;68.62;-149.61;Arctic_LTER;MAT;MAT - D;6;T;1;"1999_Chapin_1995;MAT;T;T;1;1999;2";10;-0.063436361;0.16;1.28;8;5;1.150093336;8.65;-0.004489052;0.105360516;0.225448898;-0.229923238;-0.274532849;0.222222222;0.040935673;0.304830054;0
Gough_2000.csv;68.63;-149.64;Arctic_LTER_1;MNT;MNT - A;1;T;1;"2000_Gough_2000;MNT;T;T;1;2000;2";3;-0.485410828;1;6;6;5;1.150093336;8.75;0.00560398;0.287682072;0.118526332;-0.368907512;-0.094131691;0.166666667;0.119047619;0.494275759;2.53E-10
Gough_2000.csv;68.63;-149.64;Arctic_LTER_1;MNT;MNT - A;2;T;1;"2000_Gough_2000;MNT;T;T;1;2000;2";3;-0.485410828;1;6;6;5;1.150093336;8.75;0.00560398;-0.405465108;0.019858811;0.324239668;0.00453583;0.166666667;0.166666667;0.511363636;2.44E-10
Gough_2000.csv;68.63;-149.64;Arctic_LTER_1;MNT;MNT - A;3;T;1;"2000_Gough_2000;MNT;T;T;1;2000;2";3;-0.485410828;1;6;6;5;1.150093336;8.75;0.00560398;-0.207639365;0.338517986;0.126413925;-0.314123345;0.153846154;0.087533156;0.537500002;0
Gough_2000.csv;68.63;-149.64;Arctic_LTER_1;MNT;MNT - A;4;T;1;"2000_Gough_2000;MNT;T;T;1;2000;2";3;-0.485410828;1;6;6;5;1.150093336;8.75;0.00560398;-0.068992871;-0.386552769;-0.012232568;0.41094741;0.285714286;0.024630542;0.321668533;6.78E-10
Gough_2000.csv;68.63;-149.64;Arctic_LTER_1;MNT;MNT - A;5;T;1;"2000_Gough_2000;MNT;T;T;1;2000;2";3;-0.485410828;1;6;6;5;1.150093336;8.75;0.00560398;-0.117783036;-0.029828168;0.036557596;0.054222809;0.25;0.044117647;0.284355178;7.16E-10
Gough_2000.csv;68.63;-149.64;Arctic_LTER_1;MNT;MNT - A;6;T;1;"2000_Gough_2000;MNT;T;T;1;2000;2";3;-0.485410828;1;6;6;5;1.150093336;8.75;0.00560398;0;-0.080730159;-0.08122544;0.1051248;0.285714286;0;0.538961039;4.61E-10
Gough_2000.csv;68.63;-149.64;Arctic_LTER_1;MNT;MNT - B;1;T;1;"2000_Gough_2000;MNT;T;T;1;2000;2";3;-0.485410828;1;6;6;5;1.150093336;8.75;0.00560398;0.054067221;0.588118202;-0.135292661;-0.563723561;0.388888889;0.016516517;0.584750337;4.15E-10
Gough_2000.csv;68.63;-149.64;Arctic_LTER_1;MNT;MNT - B;2;T;1;"2000_Gough_2000;MNT;T;T;1;2000;2";3;-0.485410828;1;6;6;5;1.150093336;8.75;0.00560398;0.111225635;0.122647215;-0.192451075;-0.098252574;0.470588235;0.029411765;0.732142856;2.68E-10
Gough_2000.csv;68.63;-149.64;Arctic_LTER_1;MNT;MNT - B;3;T;1;"2000_Gough_2000;MNT;T;T;1;2000;2";3;-0.485410828;1;6;6;5;1.150093336;8.75;0.00560398;0.194156014;0.417295128;-0.275381454;-0.392900487;0.571428571;0.041474654;0.69047619;0
Gough_2000.csv;68.63;-149.64;Arctic_LTER_1;MNT;MNT - B;4;T;1;"2000_Gough_2000;MNT;T;T;1;2000;2";3;-0.485410828;1;6;6;5;1.150093336;8.75;0.00560398;-0.111225635;0.287002239;0.030000195;-0.262607598;0.176470588;0.045751634;0.547554348;6.79E-10
Gough_2000.csv;68.63;-149.64;Arctic_LTER_1;MNT;MNT - B;5;T;1;"2000_Gough_2000;MNT;T;T;1;2000;2";3;-0.485410828;1;6;6;5;1.150093336;8.75;0.00560398;-0.344840486;0.119247442;0.263615046;-0.094852801;0.294117647;0.120516499;0.544367282;4.56E-10
Gough_2000.csv;68.63;-149.64;Arctic_LTER_1;MNT;MNT - B;6;T;1;"2000_Gough_2000;MNT;T;T;1;2000;2";3;-0.485410828;1;6;6;5;1.150093336;8.75;0.00560398;0.47957308;0.728794916;-0.56079852;-0.704400275;0.384615385;0.14479638;0.63018433;3.70E-10
Cooper_2006b.csv;78.1;15.483;ITEX_4;SADVENT_WET_PHOTO;SADVENT_WET_PHOTO - A;1;T;1;"2005_Cooper_2006b;SADVENT_WET_PHOTO;T;T;1;2005;2";3;-0.485410828;0.5625;2.8125;5;1.5;-0.210549273;3.35;-0.539419742;0.36772478;-0.159832986;0.016349138;0.024097995;0.333333333;0.121212121;0.334554335;3.33E-10
Cooper_2006b.csv;78.1;15.483;ITEX_4;SADVENT_WET_PHOTO;SADVENT_WET_PHOTO - A;2;T;1;"2005_Cooper_2006b;SADVENT_WET_PHOTO;T;T;1;2005;2";3;-0.485410828;0.5625;2.8125;5;1.5;-0.210549273;3.35;-0.539419742;0.374693449;0.276239236;0.009380469;-0.411974227;0;0.185185185;0.276834581;3.62E-10
Cooper_2006b.csv;78.1;15.483;ITEX_4;SADVENT_WET_PHOTO;SADVENT_WET_PHOTO - A;3;T;1;"2005_Cooper_2006b;SADVENT_WET_PHOTO;T;T;1;2005;2";3;-0.485410828;0.5625;2.8125;5;1.5;-0.210549273;3.35;-0.539419742;0.336472237;0.403070249;0.047601682;-0.53880524;0.2;0.133333333;0.292456541;0
Cooper_2006b.csv;78.1;15.483;ITEX_4;SADVENT_WET_PHOTO;SADVENT_WET_PHOTO - A;4;T;1;"2005_Cooper_2006b;SADVENT_WET_PHOTO;T;T;1;2005;2";3;-0.485410828;0.5625;2.8125;5;1.5;-0.210549273;3.35;-0.539419742;0;0.163946011;0.384073918;-0.299681002;0.444444444;0;0.237375472;0
Cooper_2006b.csv;78.1;15.483;ITEX_4;SADVENT_WET_PHOTO;SADVENT_WET_PHOTO - A;5;T;1;"2005_Cooper_2006b;SADVENT_WET_PHOTO;T;T;1;2005;2";3;-0.485410828;0.5625;2.8125;5;1.5;-0.210549273;3.35;-0.539419742;0.15415068;0.376726345;0.229923238;-0.512461336;0.333333333;0.051282051;0.323086654;3.38E-10
Kluane_unpubl.csv;61.2;-138.3;ITEX_3;KLUANE_PIKA;KLUANE_PIKA - A;1;T;1;"2007_Hik_unpubl;KLUANE_PIKA;T;T;1;2007;2";10;-0.063436361;0.25;2;8;1.5;-0.210549273;5.55;-0.31737304;0.287682072;0.492127721;0.102515564;-0.676859992;0;0.142857143;0.209401695;0
Kluane_unpubl.csv;61.2;-138.3;ITEX_3;KLUANE_PIKA;KLUANE_PIKA - B;1;T;1;"2007_Hik_unpubl;KLUANE_PIKA;T;T;1;2007;2";10;-0.063436361;0.25;2;8;1.5;-0.210549273;5.55;-0.31737304;0.133531393;-0.133565208;0.256666243;-0.051167063;0;0.066666667;0.195565009;0
Kluane_unpubl.csv;61.2;-138.3;ITEX_3;KLUANE_PIKA;KLUANE_PIKA - C;1;T;1;"2007_Hik_unpubl;KLUANE_PIKA;T;T;1;2007;2";10;-0.063436361;0.25;2;8;1.5;-0.210549273;5.55;-0.31737304;0.451985124;0.368150537;-0.061787488;-0.552882808;0.142857143;0.19047619;0.197608256;8.91E-17
Kluane_unpubl.csv;61.2;-138.3;ITEX_3;KLUANE_PIKA;KLUANE_PIKA - D;1;T;1;"2007_Hik_unpubl;KLUANE_PIKA;T;T;1;2007;2";10;-0.063436361;0.25;2;8;1.5;-0.210549273;5.55;-0.31737304;0.405465108;0.44613308;-0.015267472;-0.63086535;0;0.2;0.184332544;4.08E-10
Blok_2017a.csv;74.47;-20.55;ITEX_10;ZACKENBERG_CASSIOPE_SITE;ZACKENBERG_CASSIOPE_SITE - A;1;T;1;"2008_Blok_2017a;ZACKENBERG_CASSIOPE_SITE;T;T;1;2008;2";4;-0.425128761;1;5;5;1.5;-0.210549273;2.55;-0.620163997;0.287682072;0.389610056;-0.459532329;-0.385165489;0;0.142857143;0.24556411;3.77E-10
Blok_2017a.csv;74.47;-20.55;ITEX_10;ZACKENBERG_CASSIOPE_SITE;ZACKENBERG_CASSIOPE_SITE - A;2;T;1;"2008_Blok_2017a;ZACKENBERG_CASSIOPE_SITE;T;T;1;2008;2";4;-0.425128761;1;5;5;1.5;-0.210549273;2.55;-0.620163997;-0.15415068;-0.00910596;-0.017699577;0.013550526;0.166666667;0.064102564;0.258894442;7.41E-10
Blok_2017a.csv;74.47;-20.55;ITEX_10;ZACKENBERG_CASSIOPE_SITE;ZACKENBERG_CASSIOPE_SITE - A;3;T;1;"2008_Blok_2017a;ZACKENBERG_CASSIOPE_SITE;T;T;1;2008;2";4;-0.425128761;1;5;5;1.5;-0.210549273;2.55;-0.620163997;-0.336472237;-0.198074902;0.16462198;0.202519468;0;0.166666667;0.178168784;0
Blok_2017a.csv;74.47;-20.55;ITEX_10;ZACKENBERG_CASSIOPE_SITE;ZACKENBERG_CASSIOPE_SITE - A;4;T;1;"2008_Blok_2017a;ZACKENBERG_CASSIOPE_SITE;T;T;1;2008;2";4;-0.425128761;1;5;5;1.5;-0.210549273;2.55;-0.620163997;0;-0.060910193;-0.171850257;0.065354759;0.2;0;0.052156981;0
Blok_2017a.csv;74.47;-20.55;ITEX_10;ZACKENBERG_CASSIOPE_SITE;ZACKENBERG_CASSIOPE_SITE - A;5;T;1;"2008_Blok_2017a;ZACKENBERG_CASSIOPE_SITE;T;T;1;2008;2";4;-0.425128761;1;5;5;1.5;-0.210549273;2.55;-0.620163997;0.287682072;0.282631439;-0.459532329;-0.278186873;0.166666667;0.119047619;0.191698759;0
Blok_2017b.csv;74.47;-20.55;ITEX_10;ZACKENBERG_SALIX_SITE;ZACKENBERG_SALIX_SITE - A;1;T;1;"2008_Blok_2017b;ZACKENBERG_SALIX_SITE;T;T;1;2008;2";4;-0.425128761;1;5;5;1.5;-0.210549273;2.55;-0.620163997;0.105360516;0.233636817;-0.002176279;-0.283218524;0.111111111;0.046783626;0.223589859;0
Blok_2017b.csv;74.47;-20.55;ITEX_10;ZACKENBERG_SALIX_SITE;ZACKENBERG_SALIX_SITE - A;2;T;1;"2008_Blok_2017b;ZACKENBERG_SALIX_SITE;T;T;1;2008;2";4;-0.425128761;1;5;5;1.5;-0.210549273;2.55;-0.620163997;0.117783036;0.274960897;-0.014598799;-0.324542605;0;0.058823529;0.247508306;0
Blok_2017b.csv;74.47;-20.55;ITEX_10;ZACKENBERG_SALIX_SITE;ZACKENBERG_SALIX_SITE - A;3;T;1;"2008_Blok_2017b;ZACKENBERG_SALIX_SITE;T;T;1;2008;2";4;-0.425128761;1;5;5;1.5;-0.210549273;2.55;-0.620163997;0;-0.071362561;0.103184236;0.021780854;0.142857143;0;0.111247386;0
Blok_2017b.csv;74.47;-20.55;ITEX_10;ZACKENBERG_SALIX_SITE;ZACKENBERG_SALIX_SITE - A;4;T;1;"2008_Blok_2017b;ZACKENBERG_SALIX_SITE;T;T;1;2008;2";4;-0.425128761;1;5;5;1.5;-0.210549273;2.55;-0.620163997;0.356674944;-0.035787305;-0.253490708;-0.013794402;0;0.176470588;0.227641333;3.86E-10
Blok_2017b.csv;74.47;-20.55;ITEX_10;ZACKENBERG_SALIX_SITE;ZACKENBERG_SALIX_SITE - A;5;T;1;"2008_Blok_2017b;ZACKENBERG_SALIX_SITE;T;T;1;2008;2";4;-0.425128761;1;5;5;1.5;-0.210549273;2.55;-0.620163997;0.287682072;-0.021035103;-0.184497836;-0.028546605;0;0.142857143;0.238428379;3.81E-10
Cooper_2006a.csv;78.1;15.483;ITEX_4;SADVENT_MES_PHOTO;SADVENT_MES_PHOTO - A;1;T;1;"2008_Cooper_2006a;SADVENT_MES_PHOTO;T;T;1;2005;2";3;-0.485410828;0.5625;2.8125;5;1.5;-0.210549273;3.35;-0.539419742;0.15415068;0.489123701;-0.15415068;-0.505965978;0.166666667;0.064102564;0.276204755;3.62E-10
Cooper_2006a.csv;78.1;15.483;ITEX_4;SADVENT_MES_PHOTO;SADVENT_MES_PHOTO - A;2;T;1;"2008_Cooper_2006a;SADVENT_MES_PHOTO;T;T;1;2005;2";3;-0.485410828;0.5625;2.8125;5;1.5;-0.210549273;3.35;-0.539419742;-0.171850257;0.302220488;0.171850257;-0.319062766;0.1875;0.069642857;0.338963688;6.61E-10
Cooper_2006a.csv;78.1;15.483;ITEX_4;SADVENT_MES_PHOTO;SADVENT_MES_PHOTO - A;3;T;1;"2008_Cooper_2006a;SADVENT_MES_PHOTO;T;T;1;2005;2";3;-0.485410828;0.5625;2.8125;5;1.5;-0.210549273;3.35;-0.539419742;0.241162057;0.256836143;-0.241162057;-0.27367842;0.090909091;0.109090909;0.347697756;3.26E-10
Cooper_2006a.csv;78.1;15.483;ITEX_4;SADVENT_MES_PHOTO;SADVENT_MES_PHOTO - A;4;T;1;"2008_Cooper_2006a;SADVENT_MES_PHOTO;T;T;1;2005;2";3;-0.485410828;0.5625;2.8125;5;1.5;-0.210549273;3.35;-0.539419742;-0.336472237;-0.146266657;0.336472237;0.12942438;0.1;0.15;0.20185185;7.98E-10
Cooper_2006a.csv;78.1;15.483;ITEX_4;SADVENT_MES_PHOTO;SADVENT_MES_PHOTO - A;5;T;1;"2008_Cooper_2006a;SADVENT_MES_PHOTO;T;T;1;2005;2";3;-0.485410828;0.5625;2.8125;5;1.5;-0.210549273;3.35;-0.539419742;-0.087011377;0.058335458;0.087011377;-0.075177735;0.090909091;0.039525692;0.227183141;3.86E-10
Fosaa_2015.csv;62.06944444;-6.956944444;ITEX_2;FAROE_SORNFELLI;FAROE_SORNFELLI - A;1;T;1;"2008_Forsaa_2015;FAROE_SORNFELLI;T;T;1;2008;2";6;-0.304564628;0.25;2.5;10;0.771;-0.493951691;7.85;-0.085233307;0.510825624;-0.000479164;-0.155484903;-0.157623159;0.5;0.125;0.690274841;1.55E-10
Fosaa_2015.csv;62.06944444;-6.956944444;ITEX_2;FAROE_SORNFELLI;FAROE_SORNFELLI - A;10;T;1;"2008_Forsaa_2015;FAROE_SORNFELLI;T;T;1;2008;2";6;-0.304564628;0.25;2.5;10;0.771;-0.493951691;7.85;-0.085233307;0;0.008645266;0.355340721;-0.166747589;0.636363636;0;0.552083333;0
Fosaa_2015.csv;62.06944444;-6.956944444;ITEX_2;FAROE_SORNFELLI;FAROE_SORNFELLI - A;2;T;1;"2008_Forsaa_2015;FAROE_SORNFELLI;T;T;1;2008;2";6;-0.304564628;0.25;2.5;10;0.771;-0.493951691;7.85;-0.085233307;0.182321557;0.237573143;0.173019164;-0.395675466;0.4;0.054545455;0.562957431;4.37E-10
Fosaa_2015.csv;62.06944444;-6.956944444;ITEX_2;FAROE_SORNFELLI;FAROE_SORNFELLI - A;3;T;1;"2008_Forsaa_2015;FAROE_SORNFELLI;T;T;1;2008;2";6;-0.304564628;0.25;2.5;10;0.771;-0.493951691;7.85;-0.085233307;-0.064538521;0.129631337;0.419879242;-0.28773366;0.533333333;0.015053763;0.500881315;4.99E-10
Fosaa_2015.csv;62.06944444;-6.956944444;ITEX_2;FAROE_SORNFELLI;FAROE_SORNFELLI - A;4;T;1;"2008_Forsaa_2015;FAROE_SORNFELLI;T;T;1;2008;2";6;-0.304564628;0.25;2.5;10;0.771;-0.493951691;7.85;-0.085233307;0.405465108;-0.018217679;-0.050124387;-0.139884644;0.125;0.175;0.391902834;3.04E-10
Fosaa_2015.csv;62.06944444;-6.956944444;ITEX_2;FAROE_SORNFELLI;FAROE_SORNFELLI - A;5;T;1;"2008_Forsaa_2015;FAROE_SORNFELLI;T;T;1;2008;2";6;-0.304564628;0.25;2.5;10;0.771;-0.493951691;7.85;-0.085233307;0.167054085;0.228517028;0.188286636;-0.386619351;0.272727273;0.060606061;0.50551402;2.47E-10
Fosaa_2015.csv;62.06944444;-6.956944444;ITEX_2;FAROE_SORNFELLI;FAROE_SORNFELLI - A;6;T;1;"2008_Forsaa_2015;FAROE_SORNFELLI;T;T;1;2008;2";6;-0.304564628;0.25;2.5;10;0.771;-0.493951691;7.85;-0.085233307;0.470003629;0.408082996;-0.114662908;-0.566185319;0.2;0.184615385;0.639851756;1.80E-10
Fosaa_2015.csv;62.06944444;-6.956944444;ITEX_2;FAROE_SORNFELLI;FAROE_SORNFELLI - A;7;T;1;"2008_Forsaa_2015;FAROE_SORNFELLI;T;T;1;2008;2";6;-0.304564628;0.25;2.5;10;0.771;-0.493951691;7.85;-0.085233307;0.182321557;0.174717503;0.173019164;-0.332819826;0.2;0.072727273;0.506507265;2.47E-10
Fosaa_2015.csv;62.06944444;-6.956944444;ITEX_2;FAROE_SORNFELLI;FAROE_SORNFELLI - A;8;T;1;"2008_Forsaa_2015;FAROE_SORNFELLI;T;T;1;2008;2";6;-0.304564628;0.25;2.5;10;0.771;-0.493951691;7.85;-0.085233307;0.485507816;0.487943484;-0.130167095;-0.646045807;0.25;0.178571429;0.458914728;2.71E-10
Fosaa_2015.csv;62.06944444;-6.956944444;ITEX_2;FAROE_SORNFELLI;FAROE_SORNFELLI - A;9;T;1;"2008_Forsaa_2015;FAROE_SORNFELLI;T;T;1;2008;2";6;-0.304564628;0.25;2.5;10;0.771;-0.493951691;7.85;-0.085233307;-0.15415068;-0.008635694;0.509491401;-0.149466629;0.416666667;0.044871795;0.618129219;1.91E-10
Hofgaard_2010.csv;62.18;9.37;ITEX_1;DOVRE_KUNTSHOE;DOVRE_KUNTSHOE - A;1;T;1;"2008_Hofgaard_2010;DOVRE_KUNTSHOE;T;T;1;2008;2";10;-0.063436361;0.25;2.5;10;1.5;-0.210549273;9.95;0.126720362;-0.125163143;-0.207678531;0.151950459;0.224217249;0.533333333;0.029166667;0.665243754;3.35E-10
Hofgaard_2010.csv;62.18;9.37;ITEX_1;DOVRE_KUNTSHOE;DOVRE_KUNTSHOE - A;2;T;1;"2008_Hofgaard_2010;DOVRE_KUNTSHOE;T;T;1;2008;2";10;-0.063436361;0.25;2.5;10;1.5;-0.210549273;9.95;0.126720362;0.133531393;-0.012610573;-0.106744077;0.029149291;0.428571429;0.038095238;0.735125318;0
Hofgaard_2010.csv;62.18;9.37;ITEX_1;DOVRE_KUNTSHOE;DOVRE_KUNTSHOE - A;3;T;1;"2008_Hofgaard_2010;DOVRE_KUNTSHOE;T;T;1;2008;2";10;-0.063436361;0.25;2.5;10;1.5;-0.210549273;9.95;0.126720362;0.268263987;0.043513547;-0.241476671;-0.026974829;0.230769231;0.102564103;0.604553318;1.98E-10
Hofgaard_2010.csv;62.18;9.37;ITEX_1;DOVRE_KUNTSHOE;DOVRE_KUNTSHOE - A;4;T;1;"2008_Hofgaard_2010;DOVRE_KUNTSHOE;T;T;1;2008;2";10;-0.063436361;0.25;2.5;10;1.5;-0.210549273;9.95;0.126720362;0.143100844;0.764588816;-0.116313528;-0.748050098;0.384615385;0.043956044;0.695042636;3.05E-10
Hofgaard_2010.csv;62.18;9.37;ITEX_1;DOVRE_KUNTSHOE;DOVRE_KUNTSHOE - A;5;T;1;"2008_Hofgaard_2010;DOVRE_KUNTSHOE;T;T;1;2008;2";10;-0.063436361;0.25;2.5;10;1.5;-0.210549273;9.95;0.126720362;0.167054085;-0.184076192;-0.140266769;0.20061491;0.272727273;0.060606061;0.673531494;3.62E-17
Hofgaard_2010.csv;62.18;9.37;ITEX_1;DOVRE_KUNTSHOE;DOVRE_KUNTSHOE - A;6;T;1;"2008_Hofgaard_2010;DOVRE_KUNTSHOE;T;T;1;2008;2";10;-0.063436361;0.25;2.5;10;1.5;-0.210549273;9.95;0.126720362;-0.374693449;0.214312916;0.401480765;-0.197774198;0.181818182;0.151515152;0.287581401;0
Hofgaard_2010.csv;62.18;9.37;ITEX_1;DOVRE_KUNTSHOE;DOVRE_KUNTSHOE - A;7;T;1;"2008_Hofgaard_2010;DOVRE_KUNTSHOE;T;T;1;2008;2";10;-0.063436361;0.25;2.5;10;1.5;-0.210549273;9.95;0.126720362;0.09531018;0.663170976;-0.068522864;-0.646632259;0.4;0.028571429;0.857634142;7.12E-11
Keuper_2011a.csv;68.21;18.49;ITEX_9;ABISKO_PEATLAND;ABISKO_PEATLAND - A;1;T;1;"2008_Keuper_2011a;ABISKO_PEATLAND;T;T;1;2008;2";8;-0.184000494;0.25;1.25;5;0.55;-0.579866552;7.05;-0.165977562;0.133531393;-0.080702983;-0.050149784;0.033821695;0;0.066666667;0.210500205;7.89E-10
Keuper_2011a.csv;68.21;18.49;ITEX_9;ABISKO_PEATLAND;ABISKO_PEATLAND - A;2;T;1;"2008_Keuper_2011a;ABISKO_PEATLAND;T;T;1;2008;2";8;-0.184000494;0.25;1.25;5;0.55;-0.579866552;7.05;-0.165977562;0.451985124;0.470033664;-0.368603515;-0.516914952;0;0.222222222;0.286459323;7.14E-10
Keuper_2011a.csv;68.21;18.49;ITEX_9;ABISKO_PEATLAND;ABISKO_PEATLAND - A;3;T;1;"2008_Keuper_2011a;ABISKO_PEATLAND;T;T;1;2008;2";8;-0.184000494;0.25;1.25;5;0.55;-0.579866552;7.05;-0.165977562;0.117783036;0.189366811;-0.034401427;-0.236248099;0;0.058823529;0.242898161;3.79E-10
Keuper_2011a.csv;68.21;18.49;ITEX_9;ABISKO_PEATLAND;ABISKO_PEATLAND - A;4;T;1;"2008_Keuper_2011a;ABISKO_PEATLAND;T;T;1;2008;2";8;-0.184000494;0.25;1.25;5;0.55;-0.579866552;7.05;-0.165977562;0;-0.106543885;0.083381609;0.059662597;0.142857143;0;0.325040154;3.37E-10
Keuper_2011a.csv;68.21;18.49;ITEX_9;ABISKO_PEATLAND;ABISKO_PEATLAND - A;5;T;1;"2008_Keuper_2011a;ABISKO_PEATLAND;T;T;1;2008;2";8;-0.184000494;0.25;1.25;5;0.55;-0.579866552;7.05;-0.165977562;-0.223143551;0.042949829;0.30652516;-0.089831117;0;0.111111111;0.198722453;4.01E-10
Rinnan_2007.csv;68.21;18.49;ITEX_8;ABISKO_ABISKOWET;ABISKO_ABISKOWET - A;1;T;1;"2008_Rinnan_2007;ABISKO_ABISKOWET;T;T;1;2008;2";10;-0.063436361;1.25;6.25;5;3.9;0.722462802;7.05;-0.165977562;0;0.082813375;0.086473598;-0.108440144;0.153846154;0;0.41294743;2.94E-10
Rinnan_2007.csv;68.21;18.49;ITEX_8;ABISKO_ABISKOWET;ABISKO_ABISKOWET - B;2;T;1;"2008_Rinnan_2007;ABISKO_ABISKOWET;T;T;1;2008;2";10;-0.063436361;1.25;6.25;5;3.9;0.722462802;7.05;-0.165977562;0.441832752;0.073357283;-0.355359154;-0.098984052;0;0.217391304;0.214682908;7.85E-10
Rinnan_2007.csv;68.21;18.49;ITEX_8;ABISKO_ABISKOWET;ABISKO_ABISKOWET - C;3;T;1;"2008_Rinnan_2007;ABISKO_ABISKOWET;T;T;1;2008;2";10;-0.063436361;1.25;6.25;5;3.9;0.722462802;7.05;-0.165977562;0.182321557;0.053246575;-0.095847959;-0.078873344;0.3;0.063636364;0.352944104;6.47E-10
Rinnan_2007.csv;68.21;18.49;ITEX_8;ABISKO_ABISKOWET;ABISKO_ABISKOWET - D;4;T;1;"2008_Rinnan_2007;ABISKO_ABISKOWET;T;T;1;2008;2";10;-0.063436361;1.25;6.25;5;3.9;0.722462802;7.05;-0.165977562;0.087011377;0.491500849;-0.000537779;-0.517127619;0.363636364;0.027667984;0.41614056;5.84E-10
Rinnan_2007.csv;68.21;18.49;ITEX_8;ABISKO_ABISKOWET;ABISKO_ABISKOWET - E;5;T;1;"2008_Rinnan_2007;ABISKO_ABISKOWET;T;T;1;2008;2";10;-0.063436361;1.25;6.25;5;3.9;0.722462802;7.05;-0.165977562;0.080042708;-0.219000883;0.00643089;0.193374114;0.083333333;0.036666667;0.278435263;3.61E-10
Rinnan_2007.csv;68.21;18.49;ITEX_8;ABISKO_ABISKOWET;ABISKO_ABISKOWET - F;6;T;1;"2008_Rinnan_2007;ABISKO_ABISKOWET;T;T;1;2008;2";10;-0.063436361;1.25;6.25;5;3.9;0.722462802;7.05;-0.165977562;0.080042708;0.041621882;0.00643089;-0.067248652;0.25;0.03;0.425466201;5.75E-10
Rinnan_2009.csv;69.1;20.8;ITEX_12;KILPISJARVI_KILPISJARVI;KILPISJARVI_KILPISJARVI - A;1;T;1;"2008_Rinnan_2009;KILPISJARVI_KILPISJARVI;T;T;1;2008;2";15;0.237973973;0.25;1.5;6;1.2;-0.327175782;10.05;0.136813394;-0.09531018;-0.183904523;0.09531018;0.113940478;0;0.047619048;0.232196969;3.84E-10
Rinnan_2009.csv;69.1;20.8;ITEX_12;KILPISJARVI_KILPISJARVI;KILPISJARVI_KILPISJARVI - A;2;T;1;"2008_Rinnan_2009;KILPISJARVI_KILPISJARVI;T;T;1;2008;2";15;0.237973973;0.25;1.5;6;1.2;-0.327175782;10.05;0.136813394;0.241162057;-0.285523611;-0.241162057;0.215559565;0.181818182;0.098181818;0.401175242;2.99E-10
Rinnan_2009.csv;69.1;20.8;ITEX_12;KILPISJARVI_KILPISJARVI;KILPISJARVI_KILPISJARVI - A;3;T;1;"2008_Rinnan_2009;KILPISJARVI_KILPISJARVI;T;T;1;2008;2";15;0.237973973;0.25;1.5;6;1.2;-0.327175782;10.05;0.136813394;-0.087011377;-0.902750075;0.087011377;0.832786029;0.090909091;0.039525692;0.428099174;2.86E-10
Rinnan_2009.csv;69.1;20.8;ITEX_12;KILPISJARVI_KILPISJARVI;KILPISJARVI_KILPISJARVI - A;4;T;1;"2008_Rinnan_2009;KILPISJARVI_KILPISJARVI;T;T;1;2008;2";15;0.237973973;0.25;1.5;6;1.2;-0.327175782;10.05;0.136813394;-0.374693449;-0.164966626;0.374693449;0.09500258;0.090909091;0.168350168;0.379503698;6.20E-10
Rinnan_2009.csv;69.1;20.8;ITEX_12;KILPISJARVI_KILPISJARVI;KILPISJARVI_KILPISJARVI - A;5;T;1;"2008_Rinnan_2009;KILPISJARVI_KILPISJARVI;T;T;1;2008;2";15;0.237973973;0.25;1.5;6;1.2;-0.327175782;10.05;0.136813394;0.241162057;-0.405921472;-0.241162057;0.335957426;0.090909091;0.109090909;0.39638572;6.04E-10
Sorensen_2012.csv;68.21;18.49;ITEX_7;ABISKO_ABISKODRY;ABISKO_ABISKODRY - A;1;T;1;"2008_Sorensen_2012;ABISKO_ABISKODRY;T;T;1;2008;2";20;0.539384306;0.25;1.5;6;3.9;0.722462802;7.05;-0.165977562;-0.287682072;-0.809477538;0.048318577;0.85473995;0.222222222;0.111111111;0.595170177;0
Sorensen_2012.csv;68.21;18.49;ITEX_7;ABISKO_ABISKODRY;ABISKO_ABISKODRY - B;2;T;1;"2008_Sorensen_2012;ABISKO_ABISKODRY;T;T;1;2008;2";20;0.539384306;0.25;1.5;6;3.9;0.722462802;7.05;-0.165977562;-0.485507816;-0.364507577;0.246144321;0.40976999;0.25;0.178571429;0.311259706;6.89E-10
Sorensen_2012.csv;68.21;18.49;ITEX_7;ABISKO_ABISKODRY;ABISKO_ABISKODRY - C;3;T;1;"2008_Sorensen_2012;ABISKO_ABISKODRY;T;T;1;2008;2";20;0.539384306;0.25;1.5;6;3.9;0.722462802;7.05;-0.165977562;-0.167054085;0.020692357;-0.072309411;0.024570056;0.090909091;0.075757576;0.327000829;1.68E-09
Sorensen_2012.csv;68.21;18.49;ITEX_7;ABISKO_ABISKODRY;ABISKO_ABISKODRY - D;4;T;1;"2008_Sorensen_2012;ABISKO_ABISKODRY;T;T;1;2008;2";20;0.539384306;0.25;1.5;6;3.9;0.722462802;7.05;-0.165977562;-0.887303195;-0.955901125;0.6479397;1.001163538;0;0.416666667;0.700328379;1.50E-10
Sorensen_2012.csv;68.21;18.49;ITEX_7;ABISKO_ABISKODRY;ABISKO_ABISKODRY - E;5;T;1;"2008_Sorensen_2012;ABISKO_ABISKODRY;T;T;1;2008;2";20;0.539384306;0.25;1.5;6;3.9;0.722462802;7.05;-0.165977562;-0.223143551;-0.673575636;-0.016219944;0.718838048;0.25;0.083333333;0.449373234;2.75E-10
Sorensen_2012.csv;68.21;18.49;ITEX_7;ABISKO_ABISKODRY;ABISKO_ABISKODRY - F;6;T;1;"2008_Sorensen_2012;ABISKO_ABISKODRY;T;T;1;2008;2";20;0.539384306;0.25;1.5;6;3.9;0.722462802;7.05;-0.165977562;0.405465108;0.087878369;-0.644828603;-0.042615956;0.125;0.175;0.160099897;1.26E-09
Grime_2008a.csv;53.23333333;-1.9;Grime_2008;Buxton;Buxton - A;1;T;1;"2009_Grime_2008a;Buxton;T;T;1;2009;2";16;0.298256039;2.5;12.5;5;3;0.372583274;13.55;0.49006951;-0.245122458;-0.270618446;0.201203224;0.281303535;0.222222222;0.094850949;0.394410278;1.21E-09
Grime_2008a.csv;53.23333333;-1.9;Grime_2008;Buxton;Buxton - B;2;T;1;"2009_Grime_2008a;Buxton;T;T;1;2009;2";16;0.298256039;2.5;12.5;5;3;0.372583274;13.55;0.49006951;0.111225635;-0.012073343;-0.155144869;0.022758431;0.058823529;0.052287582;0.319550698;6.80E-10
Grime_2008a.csv;53.23333333;-1.9;Grime_2008;Buxton;Buxton - C;3;T;1;"2009_Grime_2008a;Buxton;T;T;1;2009;2";16;0.298256039;2.5;12.5;5;3;0.372583274;13.55;0.49006951;0.15415068;0.441175793;-0.198069914;-0.430490705;0.111111111;0.068376068;0.451833849;8.22E-10
Grime_2008a.csv;53.23333333;-1.9;Grime_2008;Buxton;Buxton - D;4;T;1;"2009_Grime_2008a;Buxton;T;T;1;2009;2";16;0.298256039;2.5;12.5;5;3;0.372583274;13.55;0.49006951;0;-0.171511616;-0.043919234;0.182196704;0.058823529;0;0.237638773;3.81E-10
Grime_2008a.csv;53.23333333;-1.9;Grime_2008;Buxton;Buxton - E;5;T;1;"2009_Grime_2008a;Buxton;T;T;1;2009;2";16;0.298256039;2.5;12.5;5;3;0.372583274;13.55;0.49006951;-0.30538165;-0.320042552;0.261462416;0.33072764;0.071428571;0.140692641;0.271569319;0
Yang_2011.csv;42.03333333;116.28333;Yang_2011;Duolun.County;Duolun.County - A;1;T;1;"2009_Yang_2011;Duolun.County;T;T;1;2009;2";4;-0.425128761;1;6;6;0.98;-0.412701889;18.75;1.014907168;0;0.165735297;-0.16507975;-0.105034009;0.545454545;0;0.367184224;3.16E-10
Yang_2011.csv;42.03333333;116.28333;Yang_2011;Duolun.County;Duolun.County - A;2;T;1;"2009_Yang_2011;Duolun.County;T;T;1;2009;2";4;-0.425128761;1;6;6;0.98;-0.412701889;18.75;1.014907168;-0.405465108;-1.68807872;0.240385358;1.748780008;0.166666667;0.166666667;0.797645722;1.01E-10
Yang_2011.csv;42.03333333;116.28333;Yang_2011;Duolun.County;Duolun.County - A;3;T;1;"2009_Yang_2011;Duolun.County;T;T;1;2009;2";4;-0.425128761;1;6;6;0.98;-0.412701889;18.75;1.014907168;-0.356674944;-0.371391986;0.191595194;0.432093274;0.428571429;0.100840336;0.205037033;3.97E-10
Yang_2011.csv;42.03333333;116.28333;Yang_2011;Duolun.County;Duolun.County - A;4;T;1;"2009_Yang_2011;Duolun.County;T;T;1;2009;2";4;-0.425128761;1;6;6;0.98;-0.412701889;18.75;1.014907168;-0.287682072;0.539926904;0.122602322;-0.479225616;0.222222222;0.111111111;0.319091336;3.40E-10
Yang_2011.csv;42.03333333;116.28333;Yang_2011;Duolun.County;Duolun.County - A;5;T;1;"2009_Yang_2011;Duolun.County;T;T;1;2009;2";4;-0.425128761;1;6;6;0.98;-0.412701889;18.75;1.014907168;-0.223143551;0.44705819;0.058063801;-0.386356902;0.25;0.083333333;0.259070762;3.70E-10
Yang_2011.csv;42.03333333;116.28333;Yang_2011;Duolun.County;Duolun.County - A;6;T;1;"2009_Yang_2011;Duolun.County;T;T;1;2009;2";4;-0.425128761;1;6;6;0.98;-0.412701889;18.75;1.014907168;-0.09531018;0.096231262;-0.069769571;-0.035529974;0.3;0.033333333;0.337059244;0
Olsen_2014.csv;60.61638889;7.52306;Olsen_2014;Finse;Finse - B;1;T;1;"2012_Olsen_2014;Finse;T;T;1;2012;2";12;0.057127772;0.6;3;5;1.5;-0.210549273;7.35;-0.135698466;0.052643733;0.195386474;-0.074734691;-0.193519245;0.324324324;0.017780939;0.350604948;2.60E-09
Olsen_2014.csv;60.61638889;7.52306;Olsen_2014;Finse;Finse - D;2;T;1;"2012_Olsen_2014;Finse;T;T;1;2012;2";12;0.057127772;0.6;3;5;1.5;-0.210549273;7.35;-0.135698466;-0.159064695;-0.471669757;0.136973737;0.473536986;0.310344828;0.054734537;0.476535091;0
Olsen_2014.csv;60.61638889;7.52306;Olsen_2014;Finse;Finse - E;3;T;1;"2012_Olsen_2014;Finse;T;T;1;2012;2";12;0.057127772;0.6;3;5;1.5;-0.210549273;7.35;-0.135698466;-0.100083459;-0.348717761;0.077992501;0.350584991;0.236842105;0.038157895;0.387264139;3.06E-10
Olsen_2014.csv;60.61638889;7.52306;Olsen_2014;Finse;Finse - F;4;T;1;"2012_Olsen_2014;Finse;T;T;1;2012;2";12;0.057127772;0.6;3;5;1.5;-0.210549273;7.35;-0.135698466;-0.141078598;-0.280583596;0.11898764;0.282450825;0.272727273;0.051216389;0.339899018;9.90E-10
Olsen_2014.csv;60.61638889;7.52306;Olsen_2014;Finse;Finse - H;5;T;1;"2012_Olsen_2014;Finse;T;T;1;2012;2";12;0.057127772;0.6;3;5;1.5;-0.210549273;7.35;-0.135698466;0.197825743;0.137950511;-0.219916701;-0.136083282;0.40625;0.058538732;0.546737595;0
Ronk_2019a.csv;51.12916667;100.9166667;Ronk_2019;L;L - A;1;T;1;"2012_Ronk_2019a;L;T;T;1;2012;2";4;-0.425128761;0.5;4;8;1.5;-0.210549273;8.85;0.015697012;0.310154928;-0.051231118;-0.25626984;0.017262481;0.181818182;0.125874126;0.345517093;0.011678557
Ronk_2019a.csv;51.12916667;100.9166667;Ronk_2019;L;L - B;2;T;1;"2012_Ronk_2019a;L;T;T;1;2012;2";4;-0.425128761;0.5;4;8;1.5;-0.210549273;8.85;0.015697012;-0.048790164;-0.231303758;0.102675253;0.197335121;0.2;0.019512195;0.157917697;0.060043141
Ronk_2019a.csv;51.12916667;100.9166667;Ronk_2019;L;L - C;3;T;1;"2012_Ronk_2019a;L;T;T;1;2012;2";4;-0.425128761;0.5;4;8;1.5;-0.210549273;8.85;0.015697012;0.057158414;-0.150738706;-0.003273325;0.116770069;0.352941176;0.018487395;0.340428435;0.006460709
Ronk_2019a.csv;51.12916667;100.9166667;Ronk_2019;L;L - D;4;T;1;"2012_Ronk_2019a;L;T;T;1;2012;2";4;-0.425128761;0.5;4;8;1.5;-0.210549273;8.85;0.015697012;-0.105360516;-0.130912519;0.159245604;0.096943882;0.166666667;0.043859649;0.309075194;0.053698819
Ronk_2019a.csv;51.12916667;100.9166667;Ronk_2019;L;L - E;5;T;1;"2012_Ronk_2019a;L;T;T;1;2012;2";4;-0.425128761;0.5;4;8;1.5;-0.210549273;8.85;0.015697012;0;0.099084957;0.053885088;-0.133053594;0.15;0;0.469675818;0.049046029
Ronk_2019a.csv;51.12916667;100.9166667;Ronk_2019;L;L - F;6;T;1;"2012_Ronk_2019a;L;T;T;1;2012;2";4;-0.425128761;0.5;4;8;1.5;-0.210549273;8.85;0.015697012;-0.054067221;0.044045645;0.10795231;-0.078014283;0.333333333;0.018018018;0.301333801;0.032445799
Ronk_2019a.csv;51.12916667;100.9166667;Ronk_2019;L;L - G;7;T;1;"2012_Ronk_2019a;L;T;T;1;2012;2";4;-0.425128761;0.5;4;8;1.5;-0.210549273;8.85;0.015697012;0.139761942;0.400242497;-0.085876854;-0.434211134;0.1;0.062790698;0.511613209;0.000731983
Ronk_2019a.csv;51.12916667;100.9166667;Ronk_2019;L;L - H;8;T;1;"2012_Ronk_2019a;L;T;T;1;2012;2";4;-0.425128761;0.5;4;8;1.5;-0.210549273;8.85;0.015697012;0;-0.504841604;0.053885088;0.470872967;0.125;0;0.354126941;0.034081032
Ronk_2019b.csv;51.12916667;100.9166667;Ronk_2019;U;U - A;1;T;1;"2012_Ronk_2019b;U;T;T;1;2012;2";4;-0.425128761;0.5;3.5;7;1.5;-0.210549273;8.85;0.015697012;0;-0.906104793;-0.067950662;0.655759064;0.210526316;0;0.51131481;0.027479459
Ronk_2019b.csv;51.12916667;100.9166667;Ronk_2019;U;U - B;2;T;1;"2012_Ronk_2019b;U;T;T;1;2012;2";4;-0.425128761;0.5;3.5;7;1.5;-0.210549273;8.85;0.015697012;0;-0.370269142;-0.067950662;0.119923413;0.166666667;0;0.383908617;0.023684506
Ronk_2019b.csv;51.12916667;100.9166667;Ronk_2019;U;U - C;3;T;1;"2012_Ronk_2019b;U;T;T;1;2012;2";4;-0.425128761;0.5;3.5;7;1.5;-0.210549273;8.85;0.015697012;0.060624622;0.683723665;-0.128575284;-0.934069393;0.25;0.022727273;0.407837071;0.065690318
Ronk_2019b.csv;51.12916667;100.9166667;Ronk_2019;U;U - D;4;T;1;"2012_Ronk_2019b;U;T;T;1;2012;2";4;-0.425128761;0.5;3.5;7;1.5;-0.210549273;8.85;0.015697012;-0.060624622;-0.182324309;-0.00732604;-0.068021419;0.1875;0.024621212;0.237886748;0.047553865
Ronk_2019b.csv;51.12916667;100.9166667;Ronk_2019;U;U - E;5;T;1;"2012_Ronk_2019b;U;T;T;1;2012;2";4;-0.425128761;0.5;3.5;7;1.5;-0.210549273;8.85;0.015697012;-0.054067221;-0.444221338;-0.013883441;0.19387561;0.166666667;0.022522523;0.360385439;0.07925437
Ronk_2019b.csv;51.12916667;100.9166667;Ronk_2019;U;U - F;6;T;1;"2012_Ronk_2019b;U;T;T;1;2012;2";4;-0.425128761;0.5;3.5;7;1.5;-0.210549273;8.85;0.015697012;0;-0.436021178;-0.067950662;0.18567545;0.173913043;0;0.415675807;0.024779636
Ronk_2019b.csv;51.12916667;100.9166667;Ronk_2019;U;U - G;7;T;1;"2012_Ronk_2019b;U;T;T;1;2012;2";4;-0.425128761;0.5;3.5;7;1.5;-0.210549273;8.85;0.015697012;-0.191055237;-0.596106607;0.123104575;0.345760879;0.210526316;0.07518797;0.619430693;0.027830563
Mueller_2016a.csv;42.83333333;-104.9;Mueller_2016;Cheyenne;Cheyenne - A;1;T;1;"2013_Mueller_2016a;Cheyenne;T;T;1;2013;2";7;-0.244282561;1.5;7.5;5;1.5;-0.210549273;20.15;1.156209614;-0.09531018;-0.044300914;0.195953706;0.025967776;0.3;0.033333333;0.453509925;2.73E-10
Mueller_2016a.csv;42.83333333;-104.9;Mueller_2016;Cheyenne;Cheyenne - A;2;T;1;"2013_Mueller_2016a;Cheyenne;T;T;1;2013;2";7;-0.244282561;1.5;7.5;5;1.5;-0.210549273;20.15;1.156209614;0.15415068;0.10330843;-0.053507154;-0.121641568;0.166666667;0.064102564;0.236034487;3.82E-10
Mueller_2016a.csv;42.83333333;-104.9;Mueller_2016;Cheyenne;Cheyenne - B;3;T;1;"2013_Mueller_2016a;Cheyenne;T;T;1;2013;2";7;-0.244282561;1.5;7.5;5;1.5;-0.210549273;20.15;1.156209614;-0.336472237;-0.355093247;0.437115762;0.336760109;0.2;0.133333333;0.271238647;7.29E-10
Mueller_2016a.csv;42.83333333;-104.9;Mueller_2016;Cheyenne;Cheyenne - B;4;T;1;"2013_Mueller_2016a;Cheyenne;T;T;1;2013;2";7;-0.244282561;1.5;7.5;5;1.5;-0.210549273;20.15;1.156209614;-0.182321557;-0.519206142;0.282965083;0.500873004;0.2;0.072727273;0.293774501;3.92E-17
Mueller_2016a.csv;42.83333333;-104.9;Mueller_2016;Cheyenne;Cheyenne - B;5;T;1;"2013_Mueller_2016a;Cheyenne;T;T;1;2013;2";7;-0.244282561;1.5;7.5;5;1.5;-0.210549273;20.15;1.156209614;0.15415068;0.165008643;-0.053507154;-0.183341781;0.333333333;0.051282051;0.632001616;5.52E-10
Shi_2015.csv;34.98333333;97.51667;Shi_etal_2015;Kessler.Farm.Field.Laboratory;Kessler.Farm.Field.Laboratory - A;1;T;1;"2013_Shi_2015;Kessler.Farm.Field.Laboratory;T;T;1;2013;2";13;0.117409839;1;6;6;4;0.761338305;6.95;-0.176070594;0.336472237;0.472630378;-0.511861357;-0.428731079;0.4;0.1;0.598704467;4.01E-10
Shi_2015.csv;34.98333333;97.51667;Shi_etal_2015;Kessler.Farm.Field.Laboratory;Kessler.Farm.Field.Laboratory - B;2;T;1;"2013_Shi_2015;Kessler.Farm.Field.Laboratory;T;T;1;2013;2";13;0.117409839;1;6;6;4;0.761338305;6.95;-0.176070594;-0.087011377;-0.088575625;-0.088377743;0.132474924;0.363636364;0.027667984;0.539521374;2.30E-10
Shi_2015.csv;34.98333333;97.51667;Shi_etal_2015;Kessler.Farm.Field.Laboratory;Kessler.Farm.Field.Laboratory - C;3;T;1;"2013_Shi_2015;Kessler.Farm.Field.Laboratory;T;T;1;2013;2";13;0.117409839;1;6;6;4;0.761338305;6.95;-0.176070594;-0.693147181;0.10160278;0.517758061;-0.057703481;0.25;0.25;0.710840387;1.45E-10
Shi_2015.csv;34.98333333;97.51667;Shi_etal_2015;Kessler.Farm.Field.Laboratory;Kessler.Farm.Field.Laboratory - D;4;T;1;"2013_Shi_2015;Kessler.Farm.Field.Laboratory;T;T;1;2013;2";13;0.117409839;1;6;6;4;0.761338305;6.95;-0.176070594;0.105360516;-0.210163351;-0.280749636;0.25406265;0.222222222;0.040935673;0.568341161;4.32E-10
Shi_2015.csv;34.98333333;97.51667;Shi_etal_2015;Kessler.Farm.Field.Laboratory;Kessler.Farm.Field.Laboratory - E;5;T;1;"2013_Shi_2015;Kessler.Farm.Field.Laboratory;T;T;1;2013;2";13;0.117409839;1;6;6;4;0.761338305;6.95;-0.176070594;0.105360516;0.4695917;-0.280749636;-0.425692401;0.555555556;0.023391813;0.495945156;0
Shi_2015.csv;34.98333333;97.51667;Shi_etal_2015;Kessler.Farm.Field.Laboratory;Kessler.Farm.Field.Laboratory - F;6;T;1;"2013_Shi_2015;Kessler.Farm.Field.Laboratory;T;T;1;2013;2";13;0.117409839;1;6;6;4;0.761338305;6.95;-0.176070594;0.310154928;-0.322007448;-0.485544048;0.365906747;0.272727273;0.111888112;0.47981005;2.60E-10
Wang_2017.csv;70.81666667;147.48333;Wang_2017;Chokurdakh;Chokurdakh - A;1;T;1;"2013_Wang_2017;Chokurdakh;T;T;1;2013;2";3;-0.485410828;0.25;1.25;5;0.7;-0.521553298;7.75;-0.095326339;0;0.035395852;0.050010421;-0.032614041;0;0;0.175398476;4.12E-10
Wang_2017.csv;70.81666667;147.48333;Wang_2017;Chokurdakh;Chokurdakh - B;2;T;1;"2013_Wang_2017;Chokurdakh;T;T;1;2013;2";3;-0.485410828;0.25;1.25;5;0.7;-0.521553298;7.75;-0.095326339;-0.15415068;0.235100096;0.2041611;-0.232318285;0.166666667;0.064102564;0.278209396;7.22E-10
Wang_2017.csv;70.81666667;147.48333;Wang_2017;Chokurdakh;Chokurdakh - C;3;T;1;"2013_Wang_2017;Chokurdakh;T;T;1;2013;2";3;-0.485410828;0.25;1.25;5;0.7;-0.521553298;7.75;-0.095326339;0.470003629;0.083787746;-0.419993209;-0.081005935;0;0.230769231;0.278593376;0
Wang_2017.csv;70.81666667;147.48333;Wang_2017;Chokurdakh;Chokurdakh - D;4;T;1;"2013_Wang_2017;Chokurdakh;T;T;1;2013;2";3;-0.485410828;0.25;1.25;5;0.7;-0.521553298;7.75;-0.095326339;0;0.249921944;0.050010421;-0.247140133;0;0;0.304444444;3.48E-10
Wang_2017.csv;70.81666667;147.48333;Wang_2017;Chokurdakh;Chokurdakh - E;5;T;1;"2013_Wang_2017;Chokurdakh;T;T;1;2013;2";3;-0.485410828;0.25;1.25;5;0.7;-0.521553298;7.75;-0.095326339;0;-0.278645245;0.050010421;0.281427055;0.142857143;0;0.295713223;0
Buttler_2023.csv;53.186944;18.309444;Buttler_2023;Linje;Linje - A;1;T;1;"2014_Buttler_2023;Linje;T;T;1;2014;2";2;-0.545692894;0.16;0.48;3;1.27;-0.29996293;17.25;0.86351169;0;0.133509686;0.287682072;-0.263101298;0.4;0;0.285991906;3.57E-10
Buttler_2023.csv;53.186944;18.309444;Buttler_2023;Linje;Linje - A;2;T;1;"2014_Buttler_2023;Linje;T;T;1;2014;2";2;-0.545692894;0.16;0.48;3;1.27;-0.29996293;17.25;0.86351169;0.223143551;0.182758014;0.064538521;-0.312349627;0;0.111111111;0.107401716;0
Buttler_2023.csv;53.186944;18.309444;Buttler_2023;Linje;Linje - A;3;T;1;"2014_Buttler_2023;Linje;T;T;1;2014;2";2;-0.545692894;0.16;0.48;3;1.27;-0.29996293;17.25;0.86351169;0.405465108;0.025674614;-0.117783036;-0.155266226;0;0.2;0.208261743;3.96E-10
Collins_2017.csv;34.33333333;-106.71667;Collins_2017;SNWR;SNWR - A;1;T;1;"2016_2_Collins_2017;SNWR;T;T;1;2016;2";10;-0.063436361;1;5;5;1.1;-0.366051285;24.85;1.630582113;0.287682072;0.234051365;-0.298731909;-0.197584094;0.444444444;0.079365079;0.763945072;1.18E-10
Collins_2017.csv;34.33333333;-106.71667;Collins_2017;SNWR;SNWR - A;2;T;1;"2016_2_Collins_2017;SNWR;T;T;1;2016;2";10;-0.063436361;1;5;5;1.1;-0.366051285;24.85;1.630582113;0.087011377;-0.019407403;-0.098061213;0.055874674;0.181818182;0.035573123;0.179600312;4.10E-10
Collins_2017.csv;34.33333333;-106.71667;Collins_2017;SNWR;SNWR - A;3;T;1;"2016_2_Collins_2017;SNWR;T;T;1;2016;2";10;-0.063436361;1;5;5;1.1;-0.366051285;24.85;1.630582113;0.318453731;0.252303511;-0.329503567;-0.21583624;0.375;0.098684211;0.498697578;2.51E-10
Collins_2017.csv;34.33333333;-106.71667;Collins_2017;SNWR;SNWR - A;4;T;1;"2016_2_Collins_2017;SNWR;T;T;1;2016;2";10;-0.063436361;1;5;5;1.1;-0.366051285;24.85;1.630582113;-0.575364145;-0.110146979;0.564314309;0.146614251;0.333333333;0.186666667;0.69298326;3.07E-10
Collins_2017.csv;34.33333333;-106.71667;Collins_2017;SNWR;SNWR - A;5;T;1;"2016_2_Collins_2017;SNWR;T;T;1;2016;2";10;-0.063436361;1;5;5;1.1;-0.366051285;24.85;1.630582113;0.36772478;0.151391803;-0.378774616;-0.114924532;0.222222222;0.141414141;0.282677198;0
Britton_2020a.csv;-42.090254;147.087945;Britton_2020;sp;sp - A;1;T;1;"2016_Britton_2020a;sp;T;T;1;2016;2";1;-0.605974961;1;8;8;3.33;0.500872434;11.75;0.308394936;-0.405465108;-0.368591918;0.461256468;0.127386162;0.15;0.17;0.284759882;0.04066836
Britton_2020a.csv;-42.090254;147.087945;Britton_2020;sp;sp - B;1;T;1;"2016_Britton_2020a;sp;T;T;1;2016;2";1;-0.605974961;1;8;8;3.33;0.500872434;11.75;0.308394936;0.039220713;-0.168540128;0.016570646;-0.072665628;0.4;0.011764706;0.272934979;0.026856393
Britton_2020a.csv;-42.090254;147.087945;Britton_2020;sp;sp - C;1;T;1;"2016_Britton_2020a;sp;T;T;1;2016;2";1;-0.605974961;1;8;8;3.33;0.500872434;11.75;0.308394936;0.174353387;-0.048471825;-0.118562028;-0.192733931;0.142857143;0.074534161;0.232410197;0.010952025
Britton_2020a.csv;-42.090254;147.087945;Britton_2020;sp;sp - D;1;T;1;"2016_Britton_2020a;sp;T;T;1;2016;2";1;-0.605974961;1;8;8;3.33;0.500872434;11.75;0.308394936;-0.03509132;-0.2809411;0.090882679;0.039735344;0.357142857;0.011278195;0.400144948;0.001589577
Britton_2020a.csv;-42.090254;147.087945;Britton_2020;sp;sp - E;1;T;1;"2016_Britton_2020a;sp;T;T;1;2016;2";1;-0.605974961;1;8;8;3.33;0.500872434;11.75;0.308394936;-0.204794413;-0.340789962;0.260585772;0.099584205;0.272727273;0.074211503;0.542784652;0.019888244
Britton_2020a.csv;-42.090254;147.087945;Britton_2020;sp;sp - F;1;T;1;"2016_Britton_2020a;sp;T;T;1;2016;2";1;-0.605974961;1;8;8;3.33;0.500872434;11.75;0.308394936;0.189242;0.032789361;-0.13345064;-0.273995118;0.166666667;0.078616352;0.39736535;0.04532982
Britton_2020a.csv;-42.090254;147.087945;Britton_2020;sp;sp - G;1;T;1;"2016_Britton_2020a;sp;T;T;1;2016;2";1;-0.605974961;1;8;8;3.33;0.500872434;11.75;0.308394936;-0.040821995;-0.047582491;0.096613354;-0.193623266;0.333333333;0.013605442;0.439082425;0.059272693
Britton_2020a.csv;-42.090254;147.087945;Britton_2020;sp;sp - H;1;T;1;"2016_Britton_2020a;sp;T;T;1;2016;2";1;-0.605974961;1;8;8;3.33;0.500872434;11.75;0.308394936;0;-0.567135818;0.05579136;0.325930062;0.32;0;0.487416864;0.041156602
Britton_2020b.csv;-42.342775;147.341039;Britton_2020;oat;oat - B;2;T;1;"2016_Britton_2020b;oat;T;T;1;2016;2";1;-0.605974961;1;8;8;3.33;0.500872434;14.25;0.560720733;-0.241162057;-0.797483208;0.396512497;0.792854871;0;0.12;0.348381532;0.004453396
Britton_2020b.csv;-42.342775;147.341039;Britton_2020;oat;oat - C;2;T;1;"2016_Britton_2020b;oat;T;T;1;2016;2";1;-0.605974961;1;8;8;3.33;0.500872434;14.25;0.560720733;-0.143100844;-0.354314346;0.298451284;0.34968601;0.307692308;0.049450549;0.385453991;0.003891053
Britton_2020b.csv;-42.342775;147.341039;Britton_2020;oat;oat - D;2;T;1;"2016_Britton_2020b;oat;T;T;1;2016;2";1;-0.605974961;1;8;8;3.33;0.500872434;14.25;0.560720733;0.146603474;0.118254983;0.008746966;-0.12288332;0.315789474;0.050064185;0.569355042;0.003755677
Britton_2020b.csv;-42.342775;147.341039;Britton_2020;oat;oat - E;2;T;1;"2016_Britton_2020b;oat;T;T;1;2016;2";1;-0.605974961;1;8;8;3.33;0.500872434;14.25;0.560720733;0;-0.253379012;0.15535044;0.248750675;0.304347826;0;0.397494013;0.005777919
Britton_2020b.csv;-42.342775;147.341039;Britton_2020;oat;oat - F;2;T;1;"2016_Britton_2020b;oat;T;T;1;2016;2";1;-0.605974961;1;8;8;3.33;0.500872434;14.25;0.560720733;0;0.402583863;0.15535044;-0.4072122;0.363636364;0;0.22679729;0.015528644
Britton_2020b.csv;-42.342775;147.341039;Britton_2020;oat;oat - G;2;T;1;"2016_Britton_2020b;oat;T;T;1;2016;2";1;-0.605974961;1;8;8;3.33;0.500872434;14.25;0.560720733;0.087011377;-0.07998912;0.068339063;0.075360783;0.181818182;0.035573123;0.214126855;0.006308704
Farrer_2015.csv;40.05;-105.58333;Farrer_2015;Niwot.Ridge;Niwot.Ridge - A;1;T;1;"2016_Farrer_2015;Niwot.Ridge;T;T;1;2016;2";10;-0.063436361;1;6;6;1;-0.404926788;10.05;0.136813394;0;0.200116816;-0.184991785;-0.124690226;0.166666667;0;0.260977953;7.39E-10
Farrer_2015.csv;40.05;-105.58333;Farrer_2015;Niwot.Ridge;Niwot.Ridge - A;2;T;1;"2016_Farrer_2015;Niwot.Ridge;T;T;1;2016;2";10;-0.063436361;1;6;6;1;-0.404926788;10.05;0.136813394;0.087011377;-0.470807264;-0.272003162;0.546233855;0;0.043478261;0.269696969;1.10E-09
Farrer_2015.csv;40.05;-105.58333;Farrer_2015;Niwot.Ridge;Niwot.Ridge - B;3;T;1;"2016_Farrer_2015;Niwot.Ridge;T;T;1;2016;2";10;-0.063436361;1;6;6;1;-0.404926788;10.05;0.136813394;0;0.298305328;-0.184991785;-0.222878737;0.181818182;0;0.212291736;3.94E-10
Farrer_2015.csv;40.05;-105.58333;Farrer_2015;Niwot.Ridge;Niwot.Ridge - B;4;T;1;"2016_Farrer_2015;Niwot.Ridge;T;T;1;2016;2";10;-0.063436361;1;6;6;1;-0.404926788;10.05;0.136813394;-0.405465108;0.183093959;0.220473323;-0.107667368;0.142857143;0.171428571;0.238293107;7.62E-10
Farrer_2015.csv;40.05;-105.58333;Farrer_2015;Niwot.Ridge;Niwot.Ridge - C;5;T;1;"2016_Farrer_2015;Niwot.Ridge;T;T;1;2016;2";10;-0.063436361;1;6;6;1;-0.404926788;10.05;0.136813394;0.182321557;0.133417461;-0.367313342;-0.05799087;0.1;0.081818182;0.187054462;0
Farrer_2015.csv;40.05;-105.58333;Farrer_2015;Niwot.Ridge;Niwot.Ridge - C;6;T;1;"2016_Farrer_2015;Niwot.Ridge;T;T;1;2016;2";10;-0.063436361;1;6;6;1;-0.404926788;10.05;0.136813394;-0.171850257;0.053450402;-0.013141528;0.021976189;0.0625;0.080357143;0.175664334;8.24E-10
Vandvik_2020a.csv;29.9074;102.0118;Vandvik_2020;H;H - A;1;T;1;"2016_Vandvik_2020a;H;T;T;1;2016;2";4;-0.425128761;0.25;1.75;7;1.5;-0.210549273;7.85;-0.085233307;-0.051293294;-0.384269482;0.068329482;0.415028874;0.263157895;0.018893387;0.448121591;2.76E-11
Vandvik_2020a.csv;29.9074;102.0118;Vandvik_2020;H;H - B;2;T;1;"2016_Vandvik_2020a;H;T;T;1;2016;2";4;-0.425128761;0.25;1.75;7;1.5;-0.210549273;7.85;-0.085233307;0.117783036;-0.057870675;-0.100746849;0.088630067;0.375;0.036764706;0.403221163;3.28E-11
Vandvik_2020a.csv;29.9074;102.0118;Vandvik_2020;H;H - C;3;T;1;"2016_Vandvik_2020a;H;T;T;1;2016;2";4;-0.425128761;0.25;1.75;7;1.5;-0.210549273;7.85;-0.085233307;-0.051293294;-0.068609111;0.068329482;0.099368504;0.421052632;0.014844804;0.588398503;3.50E-11
Vandvik_2020a.csv;29.9074;102.0118;Vandvik_2020;H;H - D;4;T;1;"2016_Vandvik_2020a;H;T;T;1;2016;2";4;-0.425128761;0.25;1.75;7;1.5;-0.210549273;7.85;-0.085233307;-0.111225635;0.578202138;0.128261822;-0.547442745;0.235294118;0.04248366;0.479382737;3.12E-11
Vandvik_2020a.csv;29.9074;102.0118;Vandvik_2020;H;H - E;5;T;1;"2016_Vandvik_2020a;H;T;T;1;2016;2";4;-0.425128761;0.25;1.75;7;1.5;-0.210549273;7.85;-0.085233307;-0.048790164;0.363122908;0.065826351;-0.332363515;0.4;0.014634146;0.464824365;1.87E-11
Vandvik_2020b.csv;29.8891;102.0173;Vandvik_2020;A;A - A;1;T;1;"2016_Vandvik_2020b;A;T;T;1;2016;2";4;-0.425128761;0.25;1.75;7;1.5;-0.210549273;9.15;0.045976107;-0.133531393;-0.015274891;0.112208623;-0.006861935;0.285714286;0.047619048;0.623467726;1.32E-11
Vandvik_2020b.csv;29.8891;102.0173;Vandvik_2020;A;A - B;2;T;1;"2016_Vandvik_2020b;A;T;T;1;2016;2";4;-0.425128761;0.25;1.75;7;1.5;-0.210549273;9.15;0.045976107;-0.15415068;-0.102154282;0.13282791;0.080017456;0.333333333;0.051282051;0.462849171;2.69E-12
Vandvik_2020b.csv;29.8891;102.0173;Vandvik_2020;A;A - C;3;T;1;"2016_Vandvik_2020b;A;T;T;1;2016;2";4;-0.425128761;0.25;1.75;7;1.5;-0.210549273;9.15;0.045976107;0.167054085;0.084134942;-0.188376854;-0.106271768;0.181818182;0.068181818;0.331120332;3.34E-12
Vandvik_2020b.csv;29.8891;102.0173;Vandvik_2020;A;A - D;4;T;1;"2016_Vandvik_2020b;A;T;T;1;2016;2";4;-0.425128761;0.25;1.75;7;1.5;-0.210549273;9.15;0.045976107;0.302280872;0.503484063;-0.323603641;-0.525620889;0.117647059;0.132352941;0.417295427;8.74E-12
Vandvik_2020b.csv;29.8891;102.0173;Vandvik_2020;A;A - E;5;T;1;"2016_Vandvik_2020b;A;T;T;1;2016;2";4;-0.425128761;0.25;1.75;7;1.5;-0.210549273;9.15;0.045976107;-0.3254224;-0.15069546;0.304099631;0.128558634;0.230769231;0.124069479;0.479547672;5.20E-12
Vandvik_2020b.csv;29.8891;102.0173;Vandvik_2020;A;A - F;6;T;1;"2016_Vandvik_2020b;A;T;T;1;2016;2";4;-0.425128761;0.25;1.75;7;1.5;-0.210549273;9.15;0.045976107;0;-0.429063872;-0.021322769;0.406927046;0.285714286;0;0.416044776;1.75E-11
Vandvik_2020b.csv;29.8891;102.0173;Vandvik_2020;A;A - G;7;T;1;"2016_Vandvik_2020b;A;T;T;1;2016;2";4;-0.425128761;0.25;1.75;7;1.5;-0.210549273;9.15;0.045976107;-0.194156014;-0.364327428;0.172833245;0.342190602;0.285714286;0.069124424;0.554247056;1.78E-11
Vandvik_2020c.csv;29.8619;102.036;Vandvik_2020;M;M - A;1;T;1;"2016_Vandvik_2020c;M;T;T;1;2016;2";4;-0.425128761;0.25;1.75;7;1.5;-0.210549273;10.25;0.156999458;-0.207639365;-0.787408158;0.10585667;0.779519839;0.384615385;0.063660477;0.597136851;1.61E-11
Vandvik_2020c.csv;29.8619;102.036;Vandvik_2020;M;M - B;2;T;1;"2016_Vandvik_2020c;M;T;T;1;2016;2";4;-0.425128761;0.25;1.75;7;1.5;-0.210549273;10.25;0.156999458;-0.207639365;-0.642704059;0.10585667;0.63481574;0.461538462;0.055702918;0.630448505;1.11E-11
Vandvik_2020c.csv;29.8619;102.036;Vandvik_2020;M;M - C;3;T;1;"2016_Vandvik_2020c;M;T;T;1;2016;2";4;-0.425128761;0.25;1.75;7;1.5;-0.210549273;10.25;0.156999458;-0.268263987;0.049980332;0.166481292;-0.057868651;0.538461538;0.061538462;0.576009152;1.06E-11
Vandvik_2020c.csv;29.8619;102.036;Vandvik_2020;M;M - D;4;T;1;"2016_Vandvik_2020c;M;T;T;1;2016;2";4;-0.425128761;0.25;1.75;7;1.5;-0.210549273;10.25;0.156999458;-0.268263987;-0.552844501;0.166481292;0.544956182;0.461538462;0.071794872;0.734899646;3.98E-12
Vandvik_2020c.csv;29.8619;102.036;Vandvik_2020;M;M - E;5;T;1;"2016_Vandvik_2020c;M;T;T;1;2016;2";4;-0.425128761;0.25;1.75;7;1.5;-0.210549273;10.25;0.156999458;-0.057158414;-0.552733588;-0.04462428;0.544845269;0.529411765;0.013445378;0.722353588;2.78E-12
Vandvik_2020c.csv;29.8619;102.036;Vandvik_2020;M;M - F;6;T;1;"2016_Vandvik_2020c;M;T;T;1;2016;2";4;-0.425128761;0.25;1.75;7;1.5;-0.210549273;10.25;0.156999458;0.348306694;0.341089471;-0.450089389;-0.34897779;0.5;0.086206897;0.871332359;1.93E-12
Vandvik_2020c.csv;29.8619;102.036;Vandvik_2020;M;M - G;7;T;1;"2016_Vandvik_2020c;M;T;T;1;2016;2";4;-0.425128761;0.25;1.75;7;1.5;-0.210549273;10.25;0.156999458;-0.194156014;0.284266478;0.09237332;-0.292154797;0.5;0.048387097;0.732603816;5.35E-12
Vandvik_2020d.csv;29.8435;102.0343;Vandvik_2020;L;L - A;1;T;1;"2016_Vandvik_2020d;L;T;T;1;2016;2";4;-0.425128761;0.25;1.75;7;1.5;-0.210549273;11.85;0.318487968;-0.84729786;-1.229883793;0.467808239;1.300574555;0.333333333;0.266666667;0.544642857;6.83E-12
Vandvik_2020d.csv;29.8435;102.0343;Vandvik_2020;L;L - B;2;T;1;"2016_Vandvik_2020d;L;T;T;1;2016;2";4;-0.425128761;0.25;1.75;7;1.5;-0.210549273;11.85;0.318487968;0.405465108;0.569847125;-0.78495473;-0.499156363;0.166666667;0.166666667;0.742983286;6.43E-12
Vandvik_2020d.csv;29.8435;102.0343;Vandvik_2020;L;L - C;3;T;1;"2016_Vandvik_2020d;L;T;T;1;2016;2";4;-0.425128761;0.25;1.75;7;1.5;-0.210549273;11.85;0.318487968;0.117783036;0.315090103;-0.497272657;-0.244399342;0.375;0.036764706;0.639590341;2.56E-17
Vandvik_2020d.csv;29.8435;102.0343;Vandvik_2020;L;L - D;4;T;1;"2016_Vandvik_2020d;L;T;T;1;2016;2";4;-0.425128761;0.25;1.75;7;1.5;-0.210549273;11.85;0.318487968;-0.451985124;0.56261341;0.072495502;-0.491922648;0.142857143;0.19047619;0.453281991;3.01E-11
Vandvik_2020d.csv;29.8435;102.0343;Vandvik_2020;L;L - E;5;T;1;"2016_Vandvik_2020d;L;T;T;1;2016;2";4;-0.425128761;0.25;1.75;7;1.5;-0.210549273;11.85;0.318487968;-0.875468737;-0.834636907;0.495979116;0.905327668;0;0.411764706;0.360659365;3.20E-11
Vandvik_2020d.csv;29.8435;102.0343;Vandvik_2020;L;L - F;6;T;1;"2016_Vandvik_2020d;L;T;T;1;2016;2";4;-0.425128761;0.25;1.75;7;1.5;-0.210549273;11.85;0.318487968;-0.538996501;-0.728315031;0.159506879;0.799005792;0.142857143;0.22556391;0.392283579;1.82E-11
Vandvik_2020d.csv;29.8435;102.0343;Vandvik_2020;L;L - G;7;T;1;"2016_Vandvik_2020d;L;T;T;1;2016;2";4;-0.425128761;0.25;1.75;7;1.5;-0.210549273;11.85;0.318487968;-0.510825624;-0.35161019;0.131336002;0.422300952;0.333333333;0.166666667;0.361942001;9.57E-12
Welshofer_2018a.csv;42.4;-85.4;Welshofer_2018;kbs;kbs - A;1;T;1;"2016_Welshofer_2018a;kbs;T;T;1;2016;2";2;-0.545692894;1;3;3;1.73;-0.121135616;20.95;1.236953869;0.374693449;0.344974363;-0.123379021;-0.422849738;0.090909091;0.168350168;0.346153846;9.81E-10
Welshofer_2018a.csv;42.4;-85.4;Welshofer_2018;kbs;kbs - A;2;T;1;"2016_Welshofer_2018a;kbs;T;T;1;2016;2";2;-0.545692894;1;3;3;1.73;-0.121135616;20.95;1.236953869;0;-0.06176162;0.251314428;-0.016113755;0.1;0;0.174713584;4.13E-10
Welshofer_2018a.csv;42.4;-85.4;Welshofer_2018;kbs;kbs - A;3;T;1;"2016_Welshofer_2018a;kbs;T;T;1;2016;2";2;-0.545692894;1;3;3;1.73;-0.121135616;20.95;1.236953869;-0.262364264;-0.52832691;0.513678693;0.450451535;0.1;0.117391304;0.422727271;2.89E-10
Welshofer_2018b.csv;45.56;-84.71;Welshofer_2018;umbs;umbs - A;1;T;1;"2016_Welshofer_2018b;umbs;T;T;1;2016;2";2;-0.545692894;1;3;3;1.84;-0.078372562;18.85;1.0250002;0;0.086268777;-0.09531018;-0.047121791;0.333333333;0;0.369458128;3.15E-10
Welshofer_2018b.csv;45.56;-84.71;Welshofer_2018;umbs;umbs - A;2;T;1;"2016_Welshofer_2018b;umbs;T;T;1;2016;2";2;-0.545692894;1;3;3;1.84;-0.078372562;18.85;1.0250002;-0.405465108;-0.433930832;0.310154928;0.473077818;0;0.2;0.327185243;6.73E-10
Welshofer_2018b.csv;45.56;-84.71;Welshofer_2018;umbs;umbs - A;3;T;1;"2016_Welshofer_2018b;umbs;T;T;1;2016;2";2;-0.545692894;1;3;3;1.84;-0.078372562;18.85;1.0250002;-0.182321557;0.144197688;0.087011377;-0.105050702;0.2;0.072727273;0.388387097;0
Hollister_2015a.csv;70.45373011;-157.4073879;Hollister_2015;AD;AD - A;1;T;1;"2017_Hollister_2015a;AD;T;T;1;2017;2";22;0.659948439;0.75;18;24;1.46;-0.226099474;7.65;-0.105419371;0;-0.447195139;0.047146778;0.352787863;0;0;0.361217538;6.39E-10
Hollister_2015a.csv;70.45373011;-157.4073879;Hollister_2015;AD;AD - A;10;T;1;"2017_Hollister_2015a;AD;T;T;1;2017;2";22;0.659948439;0.75;18;24;1.46;-0.226099474;7.65;-0.105419371;-0.336472237;-0.028773885;0.383619015;-0.065633391;0.1;0.15;0.433116882;5.67E-10
Hollister_2015a.csv;70.45373011;-157.4073879;Hollister_2015;AD;AD - A;11;T;1;"2017_Hollister_2015a;AD;T;T;1;2017;2";22;0.659948439;0.75;18;24;1.46;-0.226099474;7.65;-0.105419371;0.087011377;0.023444003;-0.039864599;-0.117851279;0.090909091;0.039525692;0.365761689;0
Hollister_2015a.csv;70.45373011;-157.4073879;Hollister_2015;AD;AD - A;12;T;1;"2017_Hollister_2015a;AD;T;T;1;2017;2";22;0.659948439;0.75;18;24;1.46;-0.226099474;7.65;-0.105419371;0;0.114828522;0.047146778;-0.209235798;0.166666667;0;0.370535714;3.15E-10
Hollister_2015a.csv;70.45373011;-157.4073879;Hollister_2015;AD;AD - A;13;T;1;"2017_Hollister_2015a;AD;T;T;1;2017;2";22;0.659948439;0.75;18;24;1.46;-0.226099474;7.65;-0.105419371;-0.223143551;0.099122883;0.27029033;-0.193530159;0;0.111111111;0.293429974;0
Hollister_2015a.csv;70.45373011;-157.4073879;Hollister_2015;AD;AD - A;14;T;1;"2017_Hollister_2015a;AD;T;T;1;2017;2";22;0.659948439;0.75;18;24;1.46;-0.226099474;7.65;-0.105419371;0;-0.337943029;0.047146778;0.243535754;0.181818182;0;0.451450189;0
Hollister_2015a.csv;70.45373011;-157.4073879;Hollister_2015;AD;AD - A;15;T;1;"2017_Hollister_2015a;AD;T;T;1;2017;2";22;0.659948439;0.75;18;24;1.46;-0.226099474;7.65;-0.105419371;-0.09531018;0.363514377;0.142456958;-0.457921652;0;0.047619048;0.421296295;5.79E-10
Hollister_2015a.csv;70.45373011;-157.4073879;Hollister_2015;AD;AD - A;16;T;1;"2017_Hollister_2015a;AD;T;T;1;2017;2";22;0.659948439;0.75;18;24;1.46;-0.226099474;7.65;-0.105419371;0;-0.329859659;0.047146778;0.235452384;0.090909091;0;0.393784421;6.06E-10
Hollister_2015a.csv;70.45373011;-157.4073879;Hollister_2015;AD;AD - A;17;T;1;"2017_Hollister_2015a;AD;T;T;1;2017;2";22;0.659948439;0.75;18;24;1.46;-0.226099474;7.65;-0.105419371;0.09531018;0.068773529;-0.048163401;-0.163180805;0;0.047619048;0.160554559;1.26E-09
Hollister_2015a.csv;70.45373011;-157.4073879;Hollister_2015;AD;AD - A;18;T;1;"2017_Hollister_2015a;AD;T;T;1;2017;2";22;0.659948439;0.75;18;24;1.46;-0.226099474;7.65;-0.105419371;0.087011377;0.021941081;-0.039864599;-0.116348356;0.090909091;0.039525692;0.362626262;3.19E-10
Hollister_2015a.csv;70.45373011;-157.4073879;Hollister_2015;AD;AD - A;19;T;1;"2017_Hollister_2015a;AD;T;T;1;2017;2";22;0.659948439;0.75;18;24;1.46;-0.226099474;7.65;-0.105419371;-0.182321557;-1.10475078;0.229468335;1.010343505;0.1;0.081818182;0.625190839;1.87E-10
Hollister_2015a.csv;70.45373011;-157.4073879;Hollister_2015;AD;AD - A;2;T;1;"2017_Hollister_2015a;AD;T;T;1;2017;2";22;0.659948439;0.75;18;24;1.46;-0.226099474;7.65;-0.105419371;-0.087011377;0.28292636;0.134158155;-0.377333636;0.090909091;0.039525692;0.37142857;3.14E-10
Hollister_2015a.csv;70.45373011;-157.4073879;Hollister_2015;AD;AD - A;20;T;1;"2017_Hollister_2015a;AD;T;T;1;2017;2";22;0.659948439;0.75;18;24;1.46;-0.226099474;7.65;-0.105419371;0.241162057;-0.067621494;-0.194015278;-0.026785781;0.090909091;0.109090909;0.379947722;0
Hollister_2015a.csv;70.45373011;-157.4073879;Hollister_2015;AD;AD - A;21;T;1;"2017_Hollister_2015a;AD;T;T;1;2017;2";22;0.659948439;0.75;18;24;1.46;-0.226099474;7.65;-0.105419371;0.09531018;-0.269866978;-0.048163401;0.175459702;0.1;0.042857143;0.490261085;5.10E-10
Hollister_2015a.csv;70.45373011;-157.4073879;Hollister_2015;AD;AD - A;22;T;1;"2017_Hollister_2015a;AD;T;T;1;2017;2";22;0.659948439;0.75;18;24;1.46;-0.226099474;7.65;-0.105419371;0;-0.23803371;0.047146778;0.143626434;0.090909091;0;0.389366272;3.05E-10
Hollister_2015a.csv;70.45373011;-157.4073879;Hollister_2015;AD;AD - A;23;T;1;"2017_Hollister_2015a;AD;T;T;1;2017;2";22;0.659948439;0.75;18;24;1.46;-0.226099474;7.65;-0.105419371;-0.200670695;-0.265480242;0.247817474;0.171072966;0.111111111;0.088888889;0.393814432;3.03E-10
Hollister_2015a.csv;70.45373011;-157.4073879;Hollister_2015;AD;AD - A;24;T;1;"2017_Hollister_2015a;AD;T;T;1;2017;2";22;0.659948439;0.75;18;24;1.46;-0.226099474;7.65;-0.105419371;0;-0.334458649;0.047146778;0.240051373;0.1;0;0.42330779;0
Hollister_2015a.csv;70.45373011;-157.4073879;Hollister_2015;AD;AD - A;3;T;1;"2017_Hollister_2015a;AD;T;T;1;2017;2";22;0.659948439;0.75;18;24;1.46;-0.226099474;7.65;-0.105419371;0;0.406121997;0.047146778;-0.500529273;0.230769231;0;0.544016358;0
Hollister_2015a.csv;70.45373011;-157.4073879;Hollister_2015;AD;AD - A;4;T;1;"2017_Hollister_2015a;AD;T;T;1;2017;2";22;0.659948439;0.75;18;24;1.46;-0.226099474;7.65;-0.105419371;0.09531018;-0.106387527;-0.048163401;0.011980251;0.1;0.042857143;0.500724637;4.99E-10
Hollister_2015a.csv;70.45373011;-157.4073879;Hollister_2015;AD;AD - A;5;T;1;"2017_Hollister_2015a;AD;T;T;1;2017;2";22;0.659948439;0.75;18;24;1.46;-0.226099474;7.65;-0.105419371;-0.09531018;-0.128344233;0.142456958;0.033936957;0;0.047619048;0.392446633;0
Hollister_2015a.csv;70.45373011;-157.4073879;Hollister_2015;AD;AD - A;6;T;1;"2017_Hollister_2015a;AD;T;T;1;2017;2";22;0.659948439;0.75;18;24;1.46;-0.226099474;7.65;-0.105419371;-0.09531018;0.139107373;0.142456958;-0.233514648;0.2;0.038095238;0.398447424;3.01E-10
Hollister_2015a.csv;70.45373011;-157.4073879;Hollister_2015;AD;AD - A;7;T;1;"2017_Hollister_2015a;AD;T;T;1;2017;2";22;0.659948439;0.75;18;24;1.46;-0.226099474;7.65;-0.105419371;-0.105360516;-0.312413661;0.152507294;0.218006385;0.111111111;0.046783626;0.351635781;9.73E-10
Hollister_2015a.csv;70.45373011;-157.4073879;Hollister_2015;AD;AD - A;8;T;1;"2017_Hollister_2015a;AD;T;T;1;2017;2";22;0.659948439;0.75;18;24;1.46;-0.226099474;7.65;-0.105419371;-0.15415068;-0.072458869;0.201297458;-0.021948407;0.083333333;0.070512821;0.272979139;3.64E-10
Hollister_2015a.csv;70.45373011;-157.4073879;Hollister_2015;AD;AD - A;9;T;1;"2017_Hollister_2015a;AD;T;T;1;2017;2";22;0.659948439;0.75;18;24;1.46;-0.226099474;7.65;-0.105419371;0.182321557;-0.133704337;-0.135174778;0.039297061;0;0.090909091;0.207972583;3.96E-10
Hollister_2015b.csv;70.45303348;-157.4003018;Hollister_2015;AW;AW - A;1;T;1;"2017_Hollister_2015b;AW;T;T;1;2017;2";22;0.659948439;0.75;18;24;1.46;-0.226099474;7.65;-0.105419371;-0.105360516;-0.378943516;0.105360516;0.248477253;0.222222222;0.040935673;0.390096617;6.10E-10
Hollister_2015b.csv;70.45303348;-157.4003018;Hollister_2015;AW;AW - A;10;T;1;"2017_Hollister_2015b;AW;T;T;1;2017;2";22;0.659948439;0.75;18;24;1.46;-0.226099474;7.65;-0.105419371;0;-0.242320299;0;0.111854036;0.125;0;0.269892472;3.65E-10
Hollister_2015b.csv;70.45303348;-157.4003018;Hollister_2015;AW;AW - A;11;T;1;"2017_Hollister_2015b;AW;T;T;1;2017;2";22;0.659948439;0.75;18;24;1.46;-0.226099474;7.65;-0.105419371;0.117783036;-0.162115818;-0.117783036;0.031649555;0;0.058823529;0.313817331;0
Hollister_2015b.csv;70.45303348;-157.4003018;Hollister_2015;AW;AW - A;12;T;1;"2017_Hollister_2015b;AW;T;T;1;2017;2";22;0.659948439;0.75;18;24;1.46;-0.226099474;7.65;-0.105419371;0;0.867754755;0;-0.998221019;0.111111111;0;0.444981998;5.55E-10
Hollister_2015b.csv;70.45303348;-157.4003018;Hollister_2015;AW;AW - A;13;T;1;"2017_Hollister_2015b;AW;T;T;1;2017;2";22;0.659948439;0.75;18;24;1.46;-0.226099474;7.65;-0.105419371;-0.223143551;0.149625717;0.223143551;-0.280091981;0;0.111111111;0.326697024;3.37E-10
Hollister_2015b.csv;70.45303348;-157.4003018;Hollister_2015;AW;AW - A;14;T;1;"2017_Hollister_2015b;AW;T;T;1;2017;2";22;0.659948439;0.75;18;24;1.46;-0.226099474;7.65;-0.105419371;0;-0.168705984;0;0.038239721;0.125;0;0.142353121;4.29E-10
Hollister_2015b.csv;70.45303348;-157.4003018;Hollister_2015;AW;AW - A;15;T;1;"2017_Hollister_2015b;AW;T;T;1;2017;2";22;0.659948439;0.75;18;24;1.46;-0.226099474;7.65;-0.105419371;0.251314428;-0.312883347;-0.251314428;0.182417084;0;0.125;0.419064157;2.90E-10
Hollister_2015b.csv;70.45303348;-157.4003018;Hollister_2015;AW;AW - A;16;T;1;"2017_Hollister_2015b;AW;T;T;1;2017;2";22;0.659948439;0.75;18;24;1.46;-0.226099474;7.65;-0.105419371;0.09531018;-0.200736904;-0.09531018;0.070270641;0.1;0.042857143;0.369677312;1.26E-09
Hollister_2015b.csv;70.45303348;-157.4003018;Hollister_2015;AW;AW - A;17;T;1;"2017_Hollister_2015b;AW;T;T;1;2017;2";22;0.659948439;0.75;18;24;1.46;-0.226099474;7.65;-0.105419371;-0.223143551;-0.741188707;0.223143551;0.610722443;0;0.111111111;0.435354555;0
Hollister_2015b.csv;70.45303348;-157.4003018;Hollister_2015;AW;AW - A;18;T;1;"2017_Hollister_2015b;AW;T;T;1;2017;2";22;0.659948439;0.75;18;24;1.46;-0.226099474;7.65;-0.105419371;0;-0.037384895;0;-0.093081369;0.285714286;0;0.350423754;3.61E-17
Hollister_2015b.csv;70.45303348;-157.4003018;Hollister_2015;AW;AW - A;19;T;1;"2017_Hollister_2015b;AW;T;T;1;2017;2";22;0.659948439;0.75;18;24;1.46;-0.226099474;7.65;-0.105419371;-0.251314428;-0.229814913;0.251314428;0.09934865;0.285714286;0.089285714;0.503256268;2.48E-10
Hollister_2015b.csv;70.45303348;-157.4003018;Hollister_2015;AW;AW - A;2;T;1;"2017_Hollister_2015b;AW;T;T;1;2017;2";22;0.659948439;0.75;18;24;1.46;-0.226099474;7.65;-0.105419371;0.105360516;-0.400277503;-0.105360516;0.269811239;0.222222222;0.040935673;0.433845437;2.83E-10
Hollister_2015b.csv;70.45303348;-157.4003018;Hollister_2015;AW;AW - A;20;T;1;"2017_Hollister_2015b;AW;T;T;1;2017;2";22;0.659948439;0.75;18;24;1.46;-0.226099474;7.65;-0.105419371;-0.356674944;-0.170898762;0.356674944;0.040432498;0.142857143;0.151260504;0.420412734;0
Hollister_2015b.csv;70.45303348;-157.4003018;Hollister_2015;AW;AW - A;21;T;1;"2017_Hollister_2015b;AW;T;T;1;2017;2";22;0.659948439;0.75;18;24;1.46;-0.226099474;7.65;-0.105419371;0.405465108;0.479247167;-0.405465108;-0.609713431;0.166666667;0.166666667;0.474923919;2.63E-10
Hollister_2015b.csv;70.45303348;-157.4003018;Hollister_2015;AW;AW - A;22;T;1;"2017_Hollister_2015b;AW;T;T;1;2017;2";22;0.659948439;0.75;18;24;1.46;-0.226099474;7.65;-0.105419371;0.287682072;0.438472408;-0.287682072;-0.568938671;0.166666667;0.119047619;0.392896026;0
Hollister_2015b.csv;70.45303348;-157.4003018;Hollister_2015;AW;AW - A;23;T;1;"2017_Hollister_2015b;AW;T;T;1;2017;2";22;0.659948439;0.75;18;24;1.46;-0.226099474;7.65;-0.105419371;0.200670695;-0.186282254;-0.200670695;0.05581599;0;0.1;0.242095063;1.14E-09
Hollister_2015b.csv;70.45303348;-157.4003018;Hollister_2015;AW;AW - A;24;T;1;"2017_Hollister_2015b;AW;T;T;1;2017;2";22;0.659948439;0.75;18;24;1.46;-0.226099474;7.65;-0.105419371;-0.087011377;-0.547799426;0.087011377;0.417333163;0.090909091;0.039525692;0.375974343;3.12E-10
Hollister_2015b.csv;70.45303348;-157.4003018;Hollister_2015;AW;AW - A;3;T;1;"2017_Hollister_2015b;AW;T;T;1;2017;2";22;0.659948439;0.75;18;24;1.46;-0.226099474;7.65;-0.105419371;0;-0.263636827;0;0.133170564;0.125;0;0.35193097;0
Hollister_2015b.csv;70.45303348;-157.4003018;Hollister_2015;AW;AW - A;4;T;1;"2017_Hollister_2015b;AW;T;T;1;2017;2";22;0.659948439;0.75;18;24;1.46;-0.226099474;7.65;-0.105419371;-0.105360516;-0.071956495;0.105360516;-0.058509768;0.222222222;0.040935673;0.522506393;2.39E-10
Hollister_2015b.csv;70.45303348;-157.4003018;Hollister_2015;AW;AW - A;5;T;1;"2017_Hollister_2015b;AW;T;T;1;2017;2";22;0.659948439;0.75;18;24;1.46;-0.226099474;7.65;-0.105419371;0.223143551;-0.260907532;-0.223143551;0.130441269;0;0.111111111;0.346912676;6.53E-10
Hollister_2015b.csv;70.45303348;-157.4003018;Hollister_2015;AW;AW - A;6;T;1;"2017_Hollister_2015b;AW;T;T;1;2017;2";22;0.659948439;0.75;18;24;1.46;-0.226099474;7.65;-0.105419371;-0.318453731;-0.401229355;0.318453731;0.270763091;0;0.157894737;0.297067475;7.03E-10
Hollister_2015b.csv;70.45303348;-157.4003018;Hollister_2015;AW;AW - A;7;T;1;"2017_Hollister_2015b;AW;T;T;1;2017;2";22;0.659948439;0.75;18;24;1.46;-0.226099474;7.65;-0.105419371;0.117783036;-0.250369223;-0.117783036;0.11990296;0.125;0.051470588;0.281104033;3.59E-10
Hollister_2015b.csv;70.45303348;-157.4003018;Hollister_2015;AW;AW - A;8;T;1;"2017_Hollister_2015b;AW;T;T;1;2017;2";22;0.659948439;0.75;18;24;1.46;-0.226099474;7.65;-0.105419371;-0.318453731;-0.650911518;0.318453731;0.520445254;0;0.157894737;0.422667852;2.89E-10
Hollister_2015b.csv;70.45303348;-157.4003018;Hollister_2015;AW;AW - A;9;T;1;"2017_Hollister_2015b;AW;T;T;1;2017;2";22;0.659948439;0.75;18;24;1.46;-0.226099474;7.65;-0.105419371;0.117783036;-0.49495315;-0.117783036;0.364486887;0;0.058823529;0.320220419;0
Hollister_2015c.csv;71.31502696;-156.6010247;Hollister_2015;BD;BD - A;1;T;1;"2017_Hollister_2015c;BD;T;T;1;2017;2";24;0.780512573;0.75;18;24;1.46;-0.226099474;3.25;-0.549512774;0.15415068;0.140160793;-0.124650015;-0.116727048;0.166666667;0.064102564;0.529777993;2.35E-10
Hollister_2015c.csv;71.31502696;-156.6010247;Hollister_2015;BD;BD - A;10;T;1;"2017_Hollister_2015c;BD;T;T;1;2017;2";24;0.780512573;0.75;18;24;1.46;-0.226099474;3.25;-0.549512774;-0.887303195;-1.046814499;0.916803859;1.070248244;0.142857143;0.357142857;0.441830582;8.37E-10
Hollister_2015c.csv;71.31502696;-156.6010247;Hollister_2015;BD;BD - A;11;T;1;"2017_Hollister_2015c;BD;T;T;1;2017;2";24;0.780512573;0.75;18;24;1.46;-0.226099474;3.25;-0.549512774;-0.087011377;-0.231812441;0.116512041;0.255246186;0.181818182;0.035573123;0.339110849;3.30E-10
Hollister_2015c.csv;71.31502696;-156.6010247;Hollister_2015;BD;BD - A;12;T;1;"2017_Hollister_2015c;BD;T;T;1;2017;2";24;0.780512573;0.75;18;24;1.46;-0.226099474;3.25;-0.549512774;-0.074107972;-0.408726058;0.103608637;0.432159803;0.076923077;0.034188034;0.260254218;7.40E-10
Hollister_2015c.csv;71.31502696;-156.6010247;Hollister_2015;BD;BD - A;13;T;1;"2017_Hollister_2015c;BD;T;T;1;2017;2";24;0.780512573;0.75;18;24;1.46;-0.226099474;3.25;-0.549512774;-0.080042708;0.269299075;0.109543372;-0.245865329;0.25;0.03;0.459415584;5.41E-10
Hollister_2015c.csv;71.31502696;-156.6010247;Hollister_2015;BD;BD - A;14;T;1;"2017_Hollister_2015c;BD;T;T;1;2017;2";24;0.780512573;0.75;18;24;1.46;-0.226099474;3.25;-0.549512774;-0.074107972;-0.201449743;0.103608637;0.224883488;0.153846154;0.031339031;0.37711178;3.11E-10
Hollister_2015c.csv;71.31502696;-156.6010247;Hollister_2015;BD;BD - A;15;T;1;"2017_Hollister_2015c;BD;T;T;1;2017;2";24;0.780512573;0.75;18;24;1.46;-0.226099474;3.25;-0.549512774;-0.223143551;-0.369865428;0.252644216;0.393299173;0;0.111111111;0.217367087;3.91E-10
Hollister_2015c.csv;71.31502696;-156.6010247;Hollister_2015;BD;BD - A;16;T;1;"2017_Hollister_2015c;BD;T;T;1;2017;2";24;0.780512573;0.75;18;24;1.46;-0.226099474;3.25;-0.549512774;0.336472237;0.702215858;-0.306971572;-0.678782112;0.2;0.133333333;0.480872482;7.79E-10
Hollister_2015c.csv;71.31502696;-156.6010247;Hollister_2015;BD;BD - A;17;T;1;"2017_Hollister_2015c;BD;T;T;1;2017;2";24;0.780512573;0.75;18;24;1.46;-0.226099474;3.25;-0.549512774;0.241162057;0.307470166;-0.211661392;-0.284036421;0.090909091;0.109090909;0.374106175;6.26E-10
Hollister_2015c.csv;71.31502696;-156.6010247;Hollister_2015;BD;BD - A;18;T;1;"2017_Hollister_2015c;BD;T;T;1;2017;2";24;0.780512573;0.75;18;24;1.46;-0.226099474;3.25;-0.549512774;-0.36772478;-0.419536199;0.397225445;0.442969945;0;0.181818182;0.328621362;1.01E-09
Hollister_2015c.csv;71.31502696;-156.6010247;Hollister_2015;BD;BD - A;19;T;1;"2017_Hollister_2015c;BD;T;T;1;2017;2";24;0.780512573;0.75;18;24;1.46;-0.226099474;3.25;-0.549512774;-0.287682072;-0.649336035;0.317182737;0.67276978;0;0.142857143;0.319458128;3.40E-10
Hollister_2015c.csv;71.31502696;-156.6010247;Hollister_2015;BD;BD - A;2;T;1;"2017_Hollister_2015c;BD;T;T;1;2017;2";24;0.780512573;0.75;18;24;1.46;-0.226099474;3.25;-0.549512774;-0.133531393;-0.664410824;0.163032057;0.687844569;0.214285714;0.052380952;0.434599673;2.83E-10
Hollister_2015c.csv;71.31502696;-156.6010247;Hollister_2015;BD;BD - A;20;T;1;"2017_Hollister_2015c;BD;T;T;1;2017;2";24;0.780512573;0.75;18;24;1.46;-0.226099474;3.25;-0.549512774;-0.182321557;-0.183899942;0.211822221;0.207333687;0.1;0.081818182;0.294736841;7.05E-10
Hollister_2015c.csv;71.31502696;-156.6010247;Hollister_2015;BD;BD - A;21;T;1;"2017_Hollister_2015c;BD;T;T;1;2017;2";24;0.780512573;0.75;18;24;1.46;-0.226099474;3.25;-0.549512774;0;-0.629445635;0.029500664;0.65287938;0.090909091;0;0.335994396;0
Hollister_2015c.csv;71.31502696;-156.6010247;Hollister_2015;BD;BD - A;22;T;1;"2017_Hollister_2015c;BD;T;T;1;2017;2";24;0.780512573;0.75;18;24;1.46;-0.226099474;3.25;-0.549512774;0;0.158738407;0.029500664;-0.135304662;0.083333333;0;0.390332638;9.15E-10
Hollister_2015c.csv;71.31502696;-156.6010247;Hollister_2015;BD;BD - A;23;T;1;"2017_Hollister_2015c;BD;T;T;1;2017;2";24;0.780512573;0.75;18;24;1.46;-0.226099474;3.25;-0.549512774;0.105360516;0.321690917;-0.075859851;-0.298257172;0.111111111;0.046783626;0.395462254;9.07E-10
Hollister_2015c.csv;71.31502696;-156.6010247;Hollister_2015;BD;BD - A;24;T;1;"2017_Hollister_2015c;BD;T;T;1;2017;2";24;0.780512573;0.75;18;24;1.46;-0.226099474;3.25;-0.549512774;0.336472237;0.434419535;-0.306971572;-0.41098579;0.1;0.15;0.418367346;2.91E-10
Hollister_2015c.csv;71.31502696;-156.6010247;Hollister_2015;BD;BD - A;3;T;1;"2017_Hollister_2015c;BD;T;T;1;2017;2";24;0.780512573;0.75;18;24;1.46;-0.226099474;3.25;-0.549512774;-0.080042708;-0.198216417;0.109543372;0.221650163;0.083333333;0.036666667;0.450434782;2.75E-10
Hollister_2015c.csv;71.31502696;-156.6010247;Hollister_2015;BD;BD - A;4;T;1;"2017_Hollister_2015c;BD;T;T;1;2017;2";24;0.780512573;0.75;18;24;1.46;-0.226099474;3.25;-0.549512774;0.223143551;0.049794084;-0.193642887;-0.026360339;0.083333333;0.101851852;0.277777779;7.22E-10
Hollister_2015c.csv;71.31502696;-156.6010247;Hollister_2015;BD;BD - A;5;T;1;"2017_Hollister_2015c;BD;T;T;1;2017;2";24;0.780512573;0.75;18;24;1.46;-0.226099474;3.25;-0.549512774;-0.080042708;-0.159662986;0.109543372;0.183096731;0.333333333;0.026666667;0.454771242;0
Hollister_2015c.csv;71.31502696;-156.6010247;Hollister_2015;BD;BD - A;6;T;1;"2017_Hollister_2015c;BD;T;T;1;2017;2";24;0.780512573;0.75;18;24;1.46;-0.226099474;3.25;-0.549512774;0.207639365;0.142375948;-0.1781387;-0.118942203;0.153846154;0.087533156;0.660379926;1.70E-10
Hollister_2015c.csv;71.31502696;-156.6010247;Hollister_2015;BD;BD - A;7;T;1;"2017_Hollister_2015c;BD;T;T;1;2017;2";24;0.780512573;0.75;18;24;1.46;-0.226099474;3.25;-0.549512774;-0.080042708;0.117322943;0.109543372;-0.093889198;0.166666667;0.033333333;0.33389504;3.33E-10
Hollister_2015c.csv;71.31502696;-156.6010247;Hollister_2015;BD;BD - A;8;T;1;"2017_Hollister_2015c;BD;T;T;1;2017;2";24;0.780512573;0.75;18;24;1.46;-0.226099474;3.25;-0.549512774;-0.09531018;-0.475907429;0.124810844;0.499341174;0.1;0.042857143;0.35246818;3.24E-10
Hollister_2015c.csv;71.31502696;-156.6010247;Hollister_2015;BD;BD - A;9;T;1;"2017_Hollister_2015c;BD;T;T;1;2017;2";24;0.780512573;0.75;18;24;1.46;-0.226099474;3.25;-0.549512774;-0.15415068;-0.13648896;0.183651344;0.159922705;0.083333333;0.070512821;0.335024521;1.33E-09
Hollister_2015d.csv;71.31051842;-156.5978987;Hollister_2015;BW;BW - A;1;T;1;"2017_Hollister_2015d;BW;T;T;1;2017;2";23;0.720230506;0.75;18;24;1.46;-0.226099474;3.25;-0.549512774;-0.348306694;0.255231449;0.243472633;-0.251053061;0.166666667;0.143678161;0.3553199;3.22E-10
Hollister_2015d.csv;71.31051842;-156.5978987;Hollister_2015;BW;BW - A;10;T;1;"2017_Hollister_2015d;BW;T;T;1;2017;2";23;0.720230506;0.75;18;24;1.46;-0.226099474;3.25;-0.549512774;0.080042708;-0.390253975;-0.184876769;0.394432362;0.333333333;0.026666667;0.592761095;2.04E-10
Hollister_2015d.csv;71.31051842;-156.5978987;Hollister_2015;BW;BW - A;11;T;1;"2017_Hollister_2015d;BW;T;T;1;2017;2";23;0.720230506;0.75;18;24;1.46;-0.226099474;3.25;-0.549512774;0.064538521;-0.302436832;-0.169372582;0.30661522;0.133333333;0.027956989;0.427986632;5.72E-10
Hollister_2015d.csv;71.31051842;-156.5978987;Hollister_2015;BW;BW - A;12;T;1;"2017_Hollister_2015d;BW;T;T;1;2017;2";23;0.720230506;0.75;18;24;1.46;-0.226099474;3.25;-0.549512774;0.068992871;-0.461101664;-0.173826933;0.465280052;0.142857143;0.02955665;0.502223272;0
Hollister_2015d.csv;71.31051842;-156.5978987;Hollister_2015;BW;BW - A;13;T;1;"2017_Hollister_2015d;BW;T;T;1;2017;2";23;0.720230506;0.75;18;24;1.46;-0.226099474;3.25;-0.549512774;-0.3254224;-0.198618545;0.220588339;0.202796932;0.076923077;0.148883375;0.510839161;4.89E-10
Hollister_2015d.csv;71.31051842;-156.5978987;Hollister_2015;BW;BW - A;14;T;1;"2017_Hollister_2015d;BW;T;T;1;2017;2";23;0.720230506;0.75;18;24;1.46;-0.226099474;3.25;-0.549512774;-0.223143551;-0.458526069;0.11830949;0.462704457;0.25;0.083333333;0.377259246;3.11E-10
Hollister_2015d.csv;71.31051842;-156.5978987;Hollister_2015;BW;BW - A;15;T;1;"2017_Hollister_2015d;BW;T;T;1;2017;2";23;0.720230506;0.75;18;24;1.46;-0.226099474;3.25;-0.549512774;0.125163143;0.725772846;-0.229997204;-0.721594458;0.2;0.05;0.443087445;2.78E-10
Hollister_2015d.csv;71.31051842;-156.5978987;Hollister_2015;BW;BW - A;16;T;1;"2017_Hollister_2015d;BW;T;T;1;2017;2";23;0.720230506;0.75;18;24;1.46;-0.226099474;3.25;-0.549512774;-0.223143551;-0.063129172;0.11830949;0.067307559;0.166666667;0.092592593;0.239530581;0
Hollister_2015d.csv;71.31051842;-156.5978987;Hollister_2015;BW;BW - A;17;T;1;"2017_Hollister_2015d;BW;T;T;1;2017;2";23;0.720230506;0.75;18;24;1.46;-0.226099474;3.25;-0.549512774;0.530628251;0.371300742;-0.635462312;-0.367122355;0;0.259259259;0.454761288;8.18E-10
Hollister_2015d.csv;71.31051842;-156.5978987;Hollister_2015;BW;BW - A;18;T;1;"2017_Hollister_2015d;BW;T;T;1;2017;2";23;0.720230506;0.75;18;24;1.46;-0.226099474;3.25;-0.549512774;0.15415068;0.0734132;-0.258984741;-0.069234813;0.166666667;0.064102564;0.530121414;2.35E-10
Hollister_2015d.csv;71.31051842;-156.5978987;Hollister_2015;BW;BW - A;19;T;1;"2017_Hollister_2015d;BW;T;T;1;2017;2";23;0.720230506;0.75;18;24;1.46;-0.226099474;3.25;-0.549512774;0.167054085;-0.008538652;-0.271888146;0.012717039;0.090909091;0.075757576;0.112309644;4.44E-10
Hollister_2015d.csv;71.31051842;-156.5978987;Hollister_2015;BW;BW - A;2;T;1;"2017_Hollister_2015d;BW;T;T;1;2017;2";23;0.720230506;0.75;18;24;1.46;-0.226099474;3.25;-0.549512774;-0.510825624;-1.06853028;0.405991562;1.072708667;0.111111111;0.222222222;0.59426938;4.06E-10
Hollister_2015d.csv;71.31051842;-156.5978987;Hollister_2015;BW;BW - A;20;T;1;"2017_Hollister_2015d;BW;T;T;1;2017;2";23;0.720230506;0.75;18;24;1.46;-0.226099474;3.25;-0.549512774;-0.200670695;0.016996775;0.095836634;-0.012818388;0.222222222;0.077777778;0.595868644;2.02E-10
Hollister_2015d.csv;71.31051842;-156.5978987;Hollister_2015;BW;BW - A;21;T;1;"2017_Hollister_2015d;BW;T;T;1;2017;2";23;0.720230506;0.75;18;24;1.46;-0.226099474;3.25;-0.549512774;-0.09531018;-0.623352491;-0.009523882;0.627530878;0.2;0.038095238;0.345845552;3.27E-10
Hollister_2015d.csv;71.31051842;-156.5978987;Hollister_2015;BW;BW - A;22;T;1;"2017_Hollister_2015d;BW;T;T;1;2017;2";23;0.720230506;0.75;18;24;1.46;-0.226099474;3.25;-0.549512774;-0.15415068;-0.145084699;0.049316619;0.149263086;0.166666667;0.064102564;0.243420592;7.57E-10
Hollister_2015d.csv;71.31051842;-156.5978987;Hollister_2015;BW;BW - A;23;T;1;"2017_Hollister_2015d;BW;T;T;1;2017;2";23;0.720230506;0.75;18;24;1.46;-0.226099474;3.25;-0.549512774;-0.262364264;-0.704607008;0.157530203;0.708785395;0;0.130434783;0.441471571;2.79E-10
Hollister_2015d.csv;71.31051842;-156.5978987;Hollister_2015;BW;BW - A;24;T;1;"2017_Hollister_2015d;BW;T;T;1;2017;2";23;0.720230506;0.75;18;24;1.46;-0.226099474;3.25;-0.549512774;-0.080042708;0.404744527;-0.024791354;-0.40056614;0.166666667;0.033333333;0.310778727;3.45E-10
Hollister_2015d.csv;71.31051842;-156.5978987;Hollister_2015;BW;BW - A;3;T;1;"2017_Hollister_2015d;BW;T;T;1;2017;2";23;0.720230506;0.75;18;24;1.46;-0.226099474;3.25;-0.549512774;0.262364264;-0.423382743;-0.367198326;0.42756113;0.2;0.104347826;0.418559744;1.45E-09
Hollister_2015d.csv;71.31051842;-156.5978987;Hollister_2015;BW;BW - A;4;T;1;"2017_Hollister_2015d;BW;T;T;1;2017;2";23;0.720230506;0.75;18;24;1.46;-0.226099474;3.25;-0.549512774;-0.182321557;0.042238661;0.077487495;-0.038060274;0.1;0.081818182;0.334221334;6.66E-10
Hollister_2015d.csv;71.31051842;-156.5978987;Hollister_2015;BW;BW - A;5;T;1;"2017_Hollister_2015d;BW;T;T;1;2017;2";23;0.720230506;0.75;18;24;1.46;-0.226099474;3.25;-0.549512774;-0.15415068;0.150772852;0.049316619;-0.146594465;0.166666667;0.064102564;0.297916666;0
Hollister_2015d.csv;71.31051842;-156.5978987;Hollister_2015;BW;BW - A;6;T;1;"2017_Hollister_2015d;BW;T;T;1;2017;2";23;0.720230506;0.75;18;24;1.46;-0.226099474;3.25;-0.549512774;0.080042708;0.623649723;-0.184876769;-0.619471336;0.333333333;0.026666667;0.457142856;8.14E-10
Hollister_2015d.csv;71.31051842;-156.5978987;Hollister_2015;BW;BW - A;7;T;1;"2017_Hollister_2015d;BW;T;T;1;2017;2";23;0.720230506;0.75;18;24;1.46;-0.226099474;3.25;-0.549512774;-0.374693449;0.008624205;0.269859388;-0.004445818;0.090909091;0.168350168;0.170051024;8.30E-10
Hollister_2015d.csv;71.31051842;-156.5978987;Hollister_2015;BW;BW - A;8;T;1;"2017_Hollister_2015d;BW;T;T;1;2017;2";23;0.720230506;0.75;18;24;1.46;-0.226099474;3.25;-0.549512774;-0.057158414;-0.53770734;-0.047675647;0.541885727;0.294117647;0.020168067;0.380904232;3.10E-10
Hollister_2015d.csv;71.31051842;-156.5978987;Hollister_2015;BW;BW - A;9;T;1;"2017_Hollister_2015d;BW;T;T;1;2017;2";23;0.720230506;0.75;18;24;1.46;-0.226099474;3.25;-0.549512774;-0.441832752;-0.510116305;0.336998691;0.514294692;0.222222222;0.169082126;0.706015037;2.94E-10
Reed_2021a.csv;42.27805556;-123.6427778;Reed_2021;Southern;Southern - A;1;T;1;"2019_Reed_2021a;Southern;T;T;1;2019;2";3;-0.485410828;1;5;5;2.5;0.178205758;20.95;1.236953869;0.117783036;-0.221372083;-0.137391507;0.659731777;0.25;0.044117647;0.113321783;3.10E-11
Reed_2021a.csv;42.27805556;-123.6427778;Reed_2021;Southern;Southern - A;2;T;1;"2019_Reed_2021a;Southern;T;T;1;2019;2";3;-0.485410828;1;5;5;2.5;0.178205758;20.95;1.236953869;-0.182321557;0.834548044;0.162713085;-0.39618835;0.2;0.072727273;0.383414148;3.08E-12
Reed_2021a.csv;42.27805556;-123.6427778;Reed_2021;Southern;Southern - A;3;T;1;"2019_Reed_2021a;Southern;T;T;1;2019;2";3;-0.485410828;1;5;5;2.5;0.178205758;20.95;1.236953869;-0.182321557;0.182691891;0.162713085;0.255667803;0.4;0.054545455;0.165717888;1.67E-11
Reed_2021a.csv;42.27805556;-123.6427778;Reed_2021;Southern;Southern - A;4;T;1;"2019_Reed_2021a;Southern;T;T;1;2019;2";3;-0.485410828;1;5;5;2.5;0.178205758;20.95;1.236953869;-0.587786665;0.449300097;0.568178194;-0.010940403;0.4;0.171428571;0.323272317;4.81E-17
Reed_2021a.csv;42.27805556;-123.6427778;Reed_2021;Southern;Southern - A;5;T;1;"2019_Reed_2021a;Southern;T;T;1;2019;2";3;-0.485410828;1;5;5;2.5;0.178205758;20.95;1.236953869;0.223143551;0.009128092;-0.242752023;0.429231602;0.25;0.083333333;0.58;1.05E-11
Reed_2021b.csv;44.02611111;-123.1822222;Reed_2021;Central;Central - A;1;T;1;"2019_Reed_2021b;Central;T;T;1;2019;2";3;-0.485410828;1;5;5;2.5;0.178205758;18.45;0.984628072;-0.060624622;0.014844574;-0.148604388;-0.154248365;0.25;0.022727273;0.590975278;1.23E-11
Reed_2021b.csv;44.02611111;-123.1822222;Reed_2021;Central;Central - A;2;T;1;"2019_Reed_2021b;Central;T;T;1;2019;2";3;-0.485410828;1;5;5;2.5;0.178205758;18.45;0.984628072;-0.15415068;0.444090773;-0.05507833;-0.583494564;0.416666667;0.044871795;0.673017921;8.17E-12
Reed_2021b.csv;44.02611111;-123.1822222;Reed_2021;Central;Central - A;3;T;1;"2019_Reed_2021b;Central;T;T;1;2019;2";3;-0.485410828;1;5;5;2.5;0.178205758;18.45;0.984628072;-0.200670695;-0.485194403;-0.008558314;0.345790612;0.277777778;0.072222222;0.565296708;2.17E-12
Reed_2021b.csv;44.02611111;-123.1822222;Reed_2021;Central;Central - A;4;T;1;"2019_Reed_2021b;Central;T;T;1;2019;2";3;-0.485410828;1;5;5;2.5;0.178205758;18.45;0.984628072;-0.336472237;0.001092929;0.127243227;-0.14049672;0.4;0.1;0.878550904;9.11E-12
Reed_2021b.csv;44.02611111;-123.1822222;Reed_2021;Central;Central - A;5;T;1;"2019_Reed_2021b;Central;T;T;1;2019;2";3;-0.485410828;1;5;5;2.5;0.178205758;18.45;0.984628072;-0.133531393;-0.254509244;-0.075697617;0.115105453;0.333333333;0.044444444;0.650445028;2.27E-11
Reed_2021c.csv;46.89638889;-122.735;Reed_2021;Northern;Northern - A;1;T;1;"2019_Reed_2021c;Northern;T;T;1;2019;2";3;-0.485410828;1;5;5;2.5;0.178205758;16.95;0.833232594;0;0.491618718;-0.083672476;-0.248705222;0.235294118;0;0.643081892;1.78E-12
Reed_2021c.csv;46.89638889;-122.735;Reed_2021;Northern;Northern - A;2;T;1;"2019_Reed_2021c;Northern;T;T;1;2019;2";3;-0.485410828;1;5;5;2.5;0.178205758;16.95;0.833232594;0.171850257;0.246150767;-0.255522733;-0.003237271;0.25;0.064285714;0.615616583;7.69E-12
Reed_2021c.csv;46.89638889;-122.735;Reed_2021;Northern;Northern - A;3;T;1;"2019_Reed_2021c;Northern;T;T;1;2019;2";3;-0.485410828;1;5;5;2.5;0.178205758;16.95;0.833232594;-0.100083459;0.177307086;0.016410983;0.065606411;0.315789474;0.034210526;0.481100538;3.69E-17
Reed_2021c.csv;46.89638889;-122.735;Reed_2021;Northern;Northern - A;4;T;1;"2019_Reed_2021c;Northern;T;T;1;2019;2";3;-0.485410828;1;5;5;2.5;0.178205758;16.95;0.833232594;-0.054067221;-0.180291017;-0.029605254;0.423204514;0.444444444;0.015015015;0.414468223;1.17E-11
Reed_2021c.csv;46.89638889;-122.735;Reed_2021;Northern;Northern - A;5;T;1;"2019_Reed_2021c;Northern;T;T;1;2019;2";3;-0.485410828;1;5;5;2.5;0.178205758;16.95;0.833232594;0.430782916;0.91788537;-0.514455392;-0.674971873;0.307692308;0.146853147;0.707563757;8.77E-12
Collins_2022.csv;40.05;-105.58333;Collins_2022;NWR;NWR - A;1;T;1;"2020_Collins_2022;NWR;T;T;1;2020;2";16;0.298256039;1;6;6;1;-0.404926788;10.05;0.136813394;0;0.283047303;-0.134732594;-0.267639778;0.153846154;0;0.38783029;6.12E-10
Collins_2022.csv;40.05;-105.58333;Collins_2022;NWR;NWR - A;2;T;1;"2020_Collins_2022;NWR;T;T;1;2020;2";16;0.298256039;1;6;6;1;-0.404926788;10.05;0.136813394;0.15415068;-0.513620771;-0.288883274;0.529028296;0.083333333;0.070512821;0.227927928;0
Collins_2022.csv;40.05;-105.58333;Collins_2022;NWR;NWR - B;3;T;1;"2020_Collins_2022;NWR;T;T;1;2020;2";16;0.298256039;1;6;6;1;-0.404926788;10.05;0.136813394;-0.241162057;0.034325203;0.106429463;-0.018917677;0.090909091;0.109090909;0.170071104;1.66E-09
Collins_2022.csv;40.05;-105.58333;Collins_2022;NWR;NWR - B;4;T;1;"2020_Collins_2022;NWR;T;T;1;2020;2";16;0.298256039;1;6;6;1;-0.404926788;10.05;0.136813394;-0.318453731;0.448698137;0.183721137;-0.433290611;0.25;0.118421053;0.335371702;9.97E-10
Collins_2022.csv;40.05;-105.58333;Collins_2022;NWR;NWR - C;5;T;1;"2020_Collins_2022;NWR;T;T;1;2020;2";16;0.298256039;1;6;6;1;-0.404926788;10.05;0.136813394;0.241162057;0.373494248;-0.375894651;-0.358086723;0.272727273;0.087272727;0.24950697;3.75E-10
Collins_2022.csv;40.05;-105.58333;Collins_2022;NWR;NWR - C;6;T;1;"2020_Collins_2022;NWR;T;T;1;2020;2";16;0.298256039;1;6;6;1;-0.404926788;10.05;0.136813394;0;0.301550133;-0.134732594;-0.286142607;0.263157895;0;0.376048;1.56E-09
